title,link,address,description,price,price_weekly,date,seller,image,bed,type,lat_lon,lat,lon,sq_ft,nres
7 bedroom semi-detached house,https://www.rightmove.co.uk/properties/128346491#/?channel=STU_LET,"Bonnington Walk, Lockleaze, Bristol, BS7","Brand new to the market comes this outstanding, high spec student property. Situated in a superb location for UWE students with good transport links nearby, the property offers the very best in student accommodation. Available on a fully furnished basis, with appliances included and available sta...",5250.0,1212.0,24/10/2022,"CJ Hole, Bishopston",https://media.rightmove.co.uk:443/dir/crop/10:9-16:9/10k/9322/128346491/9322_BIL220380_L_IMG_00_0000_max_476x317.jpeg,7,house,"('51.4929354', '-2.5643417')",51.4929354,-2.5643417,,146
2 bedroom apartment,https://www.rightmove.co.uk/properties/128346491#/?channel=STU_LET,"Top Floor Flat, Belgrave Road","STUDENT ACCOMMODATION FOR JUNE 2023. INITIAL VIEWING VIA VIRTUAL TOUR - The top floor flat in a purpose built property is let furnished comprising of 2 double bedrooms, 1 large reception room/dining room, kitchen (with electric cooker, fridge/fre (cont.)",1460.0,337.0,today,"Flatline Letting and Property Management, Clifton",https://media.rightmove.co.uk:443/dir/crop/10:9-16:9/47k/46997/128521385/46997_FLA1000250_IMG_00_0000_max_476x317.jpeg,2,apartment,"('51.4538022', '-2.5972985')",51.4538022,-2.5972985,,146
1 bedroom apartment,https://www.rightmove.co.uk/properties/128521385#/?channel=STU_LET,"2-12 Baldwin Street, Bristol, BS1",We are Hopewell and have a large portfolio of properties throughout Bristol. ALL bills are included and the properties are fully furnished. Contact us today and we will help you find what you are looking for.,2000.0,462.0,today,"Hopewell, Bristol",https://media.rightmove.co.uk:443/dir/crop/10:9-16:9/143k/142562/128519636/142562_25111803_IMG_00_0000_max_476x317.jpeg,1,apartment,"('51.4538245', '-2.5919391')",51.4538245,-2.5919391,""">33,260",146
House share,https://www.rightmove.co.uk/properties/128521385#/?channel=STU_LET,"Redland Road, BS6",An en-suite double room to let for professionals or PHD students with a private en-suite and kitchen facilities in the beautiful area of Redland. 15 minutes walk to the popular Whiteladies Road and Gloucester Road. This room can accept couples. Train station is a 5 minutes walk from the prope...,800.0,185.0,today,"Bristol Property Centre, Bristol",https://media.rightmove.co.uk:443/dir/crop/10:9-16:9/81k/80230/128518880/80230_10365499_IMG_00_0000_max_476x317.jpeg,1,share,"('51.4699758', '-2.6020239')",51.4699758,-2.6020239,""">33,260",146
5 bedroom semi-detached house,https://www.rightmove.co.uk/properties/128519636#/?channel=STU_LET,"Burley Grove, Hillfields, Bristol, BS16","**AVAILABLE FOR 2023/2024 ACADEMIC YEAR**
AT SANDSTONE UK WE CAN OFFER VIRTUAL VIEWINGS VIA ZOOM.
Beautifully renovated five bedroom property offered fully furnished with private garden.",3420.0,789.0,today,"Sandstone UK Property Management Solutions Ltd, Bristol",https://media.rightmove.co.uk:443/dir/crop/10:9-16:9/77k/76425/128495858/76425_P6991_IMG_00_0000_max_476x317.jpeg,5,house,"('51.4538022', '-2.5972985')",51.4538022,-2.5972985,,146
5 bedroom terraced house,https://www.rightmove.co.uk/properties/128519636#/?channel=STU_LET,"Manor Road, Fishponds, Bristol, BS16","AT SANDSTONE WE CAN OFFER VIRTUAL VIEWINGS VIA ZOOM.
Five bedroom fully furnished property ideal for students. Includes private garden and private parking!",3695.0,853.0,today,"Sandstone UK Property Management Solutions Ltd, Bristol",https://media.rightmove.co.uk:443/dir/crop/10:9-16:9/77k/76425/128495852/76425_P6827_IMG_00_0000_max_476x317.jpeg,5,house,"('51.4826037', '-2.5340354')",51.4826037,-2.5340354,,146
4 bedroom terraced house,https://www.rightmove.co.uk/properties/128518880#/?channel=STU_LET,"Filwood Road, Fishponds, Bristol, BS16","**AVAILABLE FOR 2023/2024 ACADEMIC YEAR**
AT SANDSTONE UK WE CAN OFFER VIRTUAL VIEWINGS VIA ZOOM.
Beautifully renovated four bedroom property offered fully furnished with private garden.",2880.0,665.0,today,"Sandstone UK Property Management Solutions Ltd, Bristol",https://media.rightmove.co.uk:443/dir/crop/10:9-16:9/77k/76425/128495846/76425_P6810_IMG_00_0000_max_476x317.jpeg,4,house,"('51.4778526', '-2.5291091')",51.4778526,-2.5291091,,146
3 bedroom flat,https://www.rightmove.co.uk/properties/128518880#/?channel=STU_LET,"Dartmoor Street, Southville, Bristol, BS3","**AVAILABLE FOR 2023/2024 ACADEMIC YEAR**
*AT SANDSTONE WE CAN OFFER VIRTUAL VIEWINGS VIA ZOOM.*
Recently renovated three bedroom property in fantastic Southville offered fully furnished with private garden and study room. Enquire today!",2555.0,590.0,today,"Sandstone UK Property Management Solutions Ltd, Bristol",https://media.rightmove.co.uk:443/dir/crop/10:9-16:9/77k/76425/128495843/76425_P6788_IMG_00_0000_max_476x317.jpeg,3,flat,"('51.4405352', '-2.6071266')",51.4405352,-2.6071266,,146
3 bedroom terraced house,https://www.rightmove.co.uk/properties/128495858#/?channel=STU_LET,"Woodside Road, Kingswood, Bristol, BS15","**AVAILABLE FOR 2023/2024 ACADEMIC YEAR**
AT SANDSTONE WE CAN OFFER VIRTUAL VIEWINGS VIA ZOOM.
Terraced three bedroom property recently renovated and offered fully furnished with a private garden. Enquire today!",2290.0,528.0,today,"Sandstone UK Property Management Solutions Ltd, Bristol",https://media.rightmove.co.uk:443/dir/crop/10:9-16:9/77k/76425/128495837/76425_P6750_IMG_00_0000_max_476x317.jpeg,3,house,"('51.4538022', '-2.5972985')",51.4538022,-2.5972985,,146
2 bedroom flat,https://www.rightmove.co.uk/properties/128495858#/?channel=STU_LET,"Lodge Causeway, Fishponds, Bristol, BS16","**AVAILABLE FOR 2023/2024 ACADEMIC YEAR*
AT SANDSTONE WE CAN OFFER VIRTUAL VIEWINGS VIA ZOOM.
Fantastic newly renovated top floor flat offered fully-furnished in popular Fishponds.",1520.0,351.0,today,"Sandstone UK Property Management Solutions Ltd, Bristol",https://media.rightmove.co.uk:443/dir/crop/10:9-16:9/77k/76425/128495831/76425_P6717_IMG_00_0000_max_476x317.jpeg,2,flat,"('51.4771205', '-2.5369813')",51.4771205,-2.5369813,,146
4 bedroom terraced house,https://www.rightmove.co.uk/properties/128495852#/?channel=STU_LET,"Charlton Avenue, Filton, Bristol, BS34","**AVAILABLE FOR 2023/2024 ACADEMIC YEAR**
AT SANDSTONE WE CAN OFFER VIRTUAL VIEWINGS VIA ZOOM.
Four bedroom fully-furnished property in Filton with private garden. Enquire today!",2955.0,682.0,today,"Sandstone UK Property Management Solutions Ltd, Bristol",https://media.rightmove.co.uk:443/dir/crop/10:9-16:9/77k/76425/128495828/76425_P6711_IMG_00_0000_max_476x317.jpeg,4,house,"('51.4538022', '-2.5972985')",51.4538022,-2.5972985,,146
5 bedroom flat,https://www.rightmove.co.uk/properties/128495852#/?channel=STU_LET,"Blenheim Drive, Filton, Bristol, BS34","**AVAILABLE FOR 2023/2024 ACADEMIC YEAR**
*AT SANDSTONE WE CAN OFFER VIRTUAL VIEWINGS VIA ZOOM.*
Fantastic five bedroom property in Filton offered fully-furnished. ",3735.0,862.0,today,"Sandstone UK Property Management Solutions Ltd, Bristol",https://media.rightmove.co.uk:443/dir/crop/10:9-16:9/77k/76425/128495825/76425_P6702_IMG_00_0000_max_476x317.jpeg,5,flat,"('51.4538022', '-2.5972985')",51.4538022,-2.5972985,,146
3 bedroom flat,https://www.rightmove.co.uk/properties/128495846#/?channel=STU_LET,"Albert Terrace, Fishponds, Bristol, BS16","**AVAILABLE FOR 22/23 ACADEMIC YEAR** AT SANDSTONE WE CAN OFFER VIRTUAL VIEWINGS VIA ZOOM. Recently renovated, this stunning property comprises of three spacious double bedrooms and is a modern and stylish home for students or professionals.",2270.0,524.0,today,"Sandstone UK Property Management Solutions Ltd, Bristol",https://media.rightmove.co.uk:443/dir/crop/10:9-16:9/77k/76425/128495822/76425_P6681_IMG_00_0000_max_476x317.jpeg,3,flat,"('51.4774024', '-2.5352003')",51.4774024,-2.5352003,,146
4 bedroom flat,https://www.rightmove.co.uk/properties/128495846#/?channel=STU_LET,"Kenmore Drive, Horfield, Bristol, BS7","**AVAILABLE FOR 2023/2024 ACADEMIC YEAR**
AT SANDSTONE WE CAN OFFER VIRTUAL VIEWINGS VIA ZOOM. Stunning recently renovated 4-bedroom property with private parking offers a modern and stylish home. Offered fully furnished in the heart of Horfield. ",3015.0,696.0,today,"Sandstone UK Property Management Solutions Ltd, Bristol",https://media.rightmove.co.uk:443/dir/crop/10:9-16:9/77k/76425/128495819/76425_P6666_IMG_00_0000_max_476x317.jpeg,4,flat,"('51.5014775', '-2.5893374')",51.5014775,-2.5893374,,146
3 bedroom terraced house,https://www.rightmove.co.uk/properties/128495843#/?channel=STU_LET,"Beaufort Street, Bedminster, Bristol, BS3","**AVAILABLE FOR 23/24 ACADEMIC YEAR**
AT SANDSTONE WE CAN OFFER VIRTUAL VIEWINGS VIA ZOOM. Recently renovated, this stunning property comprises of three spacious double bedrooms and is a modern and stylish home for students or professionals.",2380.0,549.0,today,"Sandstone UK Property Management Solutions Ltd, Bristol",https://media.rightmove.co.uk:443/dir/crop/10:9-16:9/77k/76425/128495816/76425_P6662_IMG_00_0000_max_476x317.jpeg,3,house,"('51.4362079', '-2.604052')",51.4362079,-2.604052,,146
3 bedroom terraced house,https://www.rightmove.co.uk/properties/128495843#/?channel=STU_LET,"Moravian Road, Kingswood, Bristol, BS15","**AVAILABLE FOR 23/24 ACADEMIC YEAR** AT SANDSTONE WE CAN OFFER VIRTUAL VIEWINGS VIA ZOOM. Recently renovated, this stunning property comprises of three spacious double bedrooms and be a modern and stylish home for students or professionals.",2070.0,478.0,today,"Sandstone UK Property Management Solutions Ltd, Bristol",https://media.rightmove.co.uk:443/dir/crop/10:9-16:9/77k/76425/128495813/76425_P6650_IMG_00_0000_max_476x317.jpeg,3,house,"('51.4538022', '-2.5972985')",51.4538022,-2.5972985,,146
4 bedroom terraced house,https://www.rightmove.co.uk/properties/128495837#/?channel=STU_LET,"Balmain Street, Totterdown, Bristol, BS4","**AVAILABLE ACADEMIC YEAR 23/24**
AT SANDSTONE WE CAN OFFER VIRTUAL VIEWINGS VIA ZOOM.
Stunning fully furnished, newly renovated four bedroom house to rent with private rear garden and on-street parking. ",3035.0,700.0,today,"Sandstone UK Property Management Solutions Ltd, Bristol",https://media.rightmove.co.uk:443/dir/crop/10:9-16:9/77k/76425/128495810/76425_P6636_IMG_00_0000_max_476x317.jpeg,4,house,"('51.441335', '-2.5708521')",51.441335,-2.5708521,,146
4 bedroom semi-detached house,https://www.rightmove.co.uk/properties/128495837#/?channel=STU_LET,"Ullswater Road, Southmead, Bristol, BS10","**AVAILABLE FOR 2023/2024 ACADEMIC YEAR**
AT SANDSTONE WE CAN OFFER VIRTUAL VIEWINGS VIA ZOOM. Stunning recently renovated 4-bedroom property offers a modern and stylish home. Offered fully furnished in the heart of Horfield. ",2655.0,613.0,today,"Sandstone UK Property Management Solutions Ltd, Bristol",https://media.rightmove.co.uk:443/dir/crop/10:9-16:9/77k/76425/128495807/76425_P6621_IMG_00_0000_max_476x317.jpeg,4,house,"('51.5038374', '-2.6028699')",51.5038374,-2.6028699,,146
4 bedroom terraced house,https://www.rightmove.co.uk/properties/128495831#/?channel=STU_LET,"Mortimer Road, Filton, Bristol, BS34",**AVAILABLE FOR 2023/2024 ACADEMIC YEAR** AT SANDSTONE WE CAN OFFER VIRTUAL VIEWINGS VIA ZOOM. Stunning recently renovated 4-bedroom property offers a modern and stylish home. Offered fully furnished in the heart of Filton. ,2880.0,665.0,today,"Sandstone UK Property Management Solutions Ltd, Bristol",https://media.rightmove.co.uk:443/dir/crop/10:9-16:9/77k/76425/128495804/76425_P6578_IMG_00_0000_max_476x317.jpeg,4,house,"('51.4538022', '-2.5972985')",51.4538022,-2.5972985,,146
3 bedroom terraced house,https://www.rightmove.co.uk/properties/128495831#/?channel=STU_LET,"High Kingsdown, Kingsdown, Bristol, BS2","**AVAILABLE FOR 2023/2024 ACADEMIC YEAR**
Stunning fully furnished newly renovated property. This beautifully presented 2nd floor apartment offers a modern and stylish home available to students or professionals.",2620.0,605.0,today,"Sandstone UK Property Management Solutions Ltd, Bristol",https://media.rightmove.co.uk:443/dir/crop/10:9-16:9/77k/76425/128495798/76425_P6559_IMG_00_0000_max_476x317.jpeg,3,house,"('51.4611959', '-2.6003212')",51.4611959,-2.6003212,,146
4 bedroom terraced house,https://www.rightmove.co.uk/properties/128495828#/?channel=STU_LET,"Tyndale Avenue, Fishponds, Bristol, BS16","**AVAILABLE FOR 23/24 ACADEMIC YEAR** AT SANDSTONE WE CAN OFFER VIRTUAL VIEWINGS VIA ZOOM. Recently renovated, this stunning property comprises of four spacious double bedrooms and be a modern and stylish home for students or professionals.",2980.0,688.0,today,"Sandstone UK Property Management Solutions Ltd, Bristol",https://media.rightmove.co.uk:443/dir/crop/10:9-16:9/77k/76425/128495795/76425_P6557_IMG_00_0000_max_476x317.jpeg,4,house,"('51.4788538', '-2.5271145')",51.4788538,-2.5271145,,146
3 bedroom terraced house,https://www.rightmove.co.uk/properties/128495828#/?channel=STU_LET,"Monks Park Avenue, Horfield, Bristol, BS7",**AVAILABLE FOR 2023/2024 ACADEMIC YEAR** AT SANDSTONE WE CAN OFFER VIRTUAL VIEWINGS VIA ZOOM. Stunning recently renovated 3-bedroom property offers a modern and stylish home. Offered fully furnished in the heart of Horfield. ,2280.0,526.0,today,"Sandstone UK Property Management Solutions Ltd, Bristol",https://media.rightmove.co.uk:443/dir/crop/10:9-16:9/77k/76425/128495792/76425_P6552_IMG_00_0000_max_476x317.jpeg,3,house,"('51.4977395', '-2.5846709')",51.4977395,-2.5846709,,146
4 bedroom semi-detached house,https://www.rightmove.co.uk/properties/128495825#/?channel=STU_LET,"Wades Road, Filton, Bristol, BS34","**AVAILABLE FOR 23/24 ACADEMIC YEAR** AT SANDSTONE WE CAN OFFER VIRTUAL VIEWINGS VIA ZOOM. Recently renovated, four bedroom property ideally located in bustling Filton. Private parking and private garden - ideal for sunny days!",3090.0,713.0,today,"Sandstone UK Property Management Solutions Ltd, Bristol",https://media.rightmove.co.uk:443/dir/crop/10:9-16:9/77k/76425/128495789/76425_P6508_IMG_00_0000_max_476x317.jpeg,4,house,"('51.4538022', '-2.5972985')",51.4538022,-2.5972985,,146
4 bedroom semi-detached house,https://www.rightmove.co.uk/properties/128495825#/?channel=STU_LET,"Station Avenue, Fishponds, Bristol, BS16","*AVAILABLE FOR 2023/2024 ACADEMIC YEAR**
AT SANDSTONE WE CAN OFFER VIRTUAL VIEWINGS VIA ZOOM. Stunning recently renovated 4-bedroom property offers a modern and stylish home. Offered fully furnished in the heart of Fishponds. ",2950.0,681.0,today,"Sandstone UK Property Management Solutions Ltd, Bristol",https://media.rightmove.co.uk:443/dir/crop/10:9-16:9/77k/76425/128495801/76425_P6572_IMG_00_0000_max_476x317.jpeg,4,house,"('51.4801522', '-2.5338683')",51.4801522,-2.5338683,,146
4 bedroom semi-detached house,https://www.rightmove.co.uk/properties/128495822#/?channel=STU_LET,"Ridgeway Road, Fishponds, Bristol, BS16","**AVAILABLE FOR 2023/2024 ACADEMIC YEAR**
Recently renovated, this stunning property comprises of four spacious double bedrooms and be a modern and stylish home for students or professionals.
",2915.0,673.0,today,"Sandstone UK Property Management Solutions Ltd, Bristol",https://media.rightmove.co.uk:443/dir/crop/10:9-16:9/77k/76425/128495786/76425_P6435_IMG_00_0000_max_476x317.jpeg,4,house,"('51.4732158', '-2.5358649')",51.4732158,-2.5358649,,146
House share,https://www.rightmove.co.uk/properties/128518880#/?channel=STU_LET,"Redland Road, BS6",An en-suite double room to let for professionals or PHD students with a private en-suite and kitchen facilities in the beautiful area of Redland. 15 minutes walk to the popular Whiteladies Road and Gloucester Road. This room can accept couples. Train station is a 5 minutes walk from the prope...,800.0,185.0,today,"Bristol Property Centre, Bristol",https://media.rightmove.co.uk:443/dir/crop/10:9-16:9/81k/80230/128518880/80230_10365499_IMG_00_0000_max_476x317.jpeg,1,share,"('51.4699758', '-2.6020239')",51.4699758,-2.6020239,,146
3 bedroom terraced house,https://www.rightmove.co.uk/properties/128518880#/?channel=STU_LET,"Staple Hill Road, Fishponds, Bristol, BS16","*AVAIL 23/24 ACADEMIC YEAR* Stunning newly renovated 3 bedroom house to rent, offered fully furnished and finished to the highest standard. Property boasts private garden and separate study. ",2505.0,578.0,today,"Sandstone UK Property Management Solutions Ltd, Bristol",https://media.rightmove.co.uk:443/dir/crop/10:9-16:9/77k/76425/128495783/76425_P6426_IMG_00_0000_max_476x317.jpeg,3,house,"('51.4816166', '-2.5190665')",51.4816166,-2.5190665,,146
4 bedroom terraced house,https://www.rightmove.co.uk/properties/128495783#/?channel=STU_LET,"Palmyra Road, Bedminster, Bristol, BS3","**AVAILABLE FOR 2023/2024 ACADEMIC YEAR**
SANDSTONE CAN OFFER VIRTUAL VIEWINGS VIA ZOOM.
Stunning newly renovated four bed room house to rent, offered fully furnished with private garden. Enquire today! ",3095.0,714.0,today,"Sandstone UK Property Management Solutions Ltd, Bristol",https://media.rightmove.co.uk:443/dir/crop/10:9-16:9/77k/76425/128495780/76425_P6410_IMG_00_0000_max_476x317.jpeg,4,house,"('51.4357395', '-2.6100022')",51.4357395,-2.6100022,,146
4 bedroom terraced house,https://www.rightmove.co.uk/properties/128495783#/?channel=STU_LET,"Argyle Road, Fishponds, Bristol, BS16","*AVAIL 23/24 ACADEMIC YEAR*
AT SANDSTONE WE CAN OFFER VIRTUAL VIEWINGS VIA ZOOM. Stunning newly renovated four bedroom property to rent in the popular Fishponds area. ",2885.0,666.0,today,"Sandstone UK Property Management Solutions Ltd, Bristol",https://media.rightmove.co.uk:443/dir/crop/10:9-16:9/77k/76425/128495777/76425_P6409_IMG_00_0000_max_476x317.jpeg,4,house,"('51.4700061', '-2.5240285')",51.4700061,-2.5240285,,146
4 bedroom terraced house,https://www.rightmove.co.uk/properties/128495780#/?channel=STU_LET,"Villiers Road, Easton, Bristol, BS5","** AVAILABLE 23/24 ACADEMIC YEAR**
AT SANDSTONE WE OFFER VIRTUAL VIEWINGS VIA ZOOM!**
‘Stunning 4-bedroom property offers modern and stylish home. Offered fully furnished in the heart of Easton. Perfect for Students/Professionals. ",3340.0,771.0,today,"Sandstone UK Property Management Solutions Ltd, Bristol",https://media.rightmove.co.uk:443/dir/crop/10:9-16:9/77k/76425/128495774/76425_P6321_IMG_00_0000_max_476x317.jpeg,4,house,"('51.4634029', '-2.5689403')",51.4634029,-2.5689403,,146
4 bedroom terraced house,https://www.rightmove.co.uk/properties/128495780#/?channel=STU_LET,"Staple Hill Road, Fishponds, Bristol, BS16",**AVAILABLE 23/24 ACADEMIC YEAR** Stunning newly renovated four bedroom Victorian terraced house to rent. Offered fully furnished and boasts front and rear garden. This fantastic property offers a modern and stylish home. ,2910.0,672.0,today,"Sandstone UK Property Management Solutions Ltd, Bristol",https://media.rightmove.co.uk:443/dir/crop/10:9-16:9/77k/76425/128495771/76425_P6286_IMG_00_0000_max_476x317.jpeg,4,house,"('51.4816166', '-2.5190665')",51.4816166,-2.5190665,,146
3 bedroom terraced house,https://www.rightmove.co.uk/properties/128495777#/?channel=STU_LET,"Filwood Road, Fishponds, Bristol, BS16","** AVAILABLE 23/24 ACADEMIC YEAR**
AT SANDSTONE WE OFFER VIRTUAL VIEWINGS VIA ZOOM!
‘Stunning 3-bedroom property offers modern and stylish home. Offered fully furnished in the heart of Fishponds. Perfect for Students/Professionals. ",2535.0,585.0,today,"Sandstone UK Property Management Solutions Ltd, Bristol",https://media.rightmove.co.uk:443/dir/crop/10:9-16:9/77k/76425/128495768/76425_P6274_IMG_00_0000_max_476x317.jpeg,3,house,"('51.4778526', '-2.5291091')",51.4778526,-2.5291091,,146
4 bedroom terraced house,https://www.rightmove.co.uk/properties/128495777#/?channel=STU_LET,"Ridgeway Road, Fishponds, Bristol, BS16","**AVAILABLE FOR 2023/2024 ACADEMIC YEAR** AT SANDSTONE WE CAN OFFER VIRTUAL VIEWINGS VIA ZOOM
Stunning newly renovated property to rent. Spacious and modern offering 4 double bedrooms",2880.0,665.0,today,"Sandstone UK Property Management Solutions Ltd, Bristol",https://media.rightmove.co.uk:443/dir/crop/10:9-16:9/77k/76425/128495765/76425_P6245_IMG_00_0000_max_476x317.jpeg,4,house,"('51.4732158', '-2.5358649')",51.4732158,-2.5358649,,146
4 bedroom terraced house,https://www.rightmove.co.uk/properties/128495774#/?channel=STU_LET,"Toronto Road, Horfield, Bristol, BS7","** AVAILABLE 23/24 ACADEMIC YEAR. AT SANDSTONE WE OFFER VIRTUAL VIEWINGS VIA ZOOM!**
‘Stunning 4-bedroom property offers modern and stylish home. Offered fully furnished in the heart of Horfield. Perfect for Students/Professionals. ",3035.0,700.0,today,"Sandstone UK Property Management Solutions Ltd, Bristol",https://media.rightmove.co.uk:443/dir/crop/10:9-16:9/77k/76425/128495762/76425_P6238_IMG_00_0000_max_476x317.jpeg,4,house,"('51.4961557', '-2.577196')",51.4961557,-2.577196,,146
4 bedroom terraced house,https://www.rightmove.co.uk/properties/128495774#/?channel=STU_LET,"Jean Road, Brislington, Bristol, BS4","***AVAILABLE ACADEMIC YEAR 23/24***
Stunning newly renovated property to rent. Spacious and modern offering 4 double bedrooms.",2820.0,651.0,today,"Sandstone UK Property Management Solutions Ltd, Bristol",https://media.rightmove.co.uk:443/dir/crop/10:9-16:9/77k/76425/128495759/76425_P6233_IMG_00_0000_max_476x317.jpeg,4,house,"('51.4365248', '-2.5470625')",51.4365248,-2.5470625,,146
4 bedroom terraced house,https://www.rightmove.co.uk/properties/128495771#/?channel=STU_LET,"Pendennis Park, Bristol, BS4","**AVAILABLE FOR 2023/2024 ACADEMIC YEAR**
AT SANDSTONE WE CAN OFFER VIRTUAL VIEWINGS VIA ZOOM. Recently renovated, this stunning property comprises of four spacious double bedrooms and be a modern and stylish home for students or professionals.",2620.0,605.0,today,"Sandstone UK Property Management Solutions Ltd, Bristol",https://media.rightmove.co.uk:443/dir/crop/10:9-16:9/77k/76425/128495756/76425_P6230_IMG_00_0000_max_476x317.jpeg,4,house,"('51.4373177', '-2.5499046')",51.4373177,-2.5499046,,146
4 bedroom terraced house,https://www.rightmove.co.uk/properties/128495771#/?channel=STU_LET,"Beachgrove Road, Fishponds, Bristol, BS16","**AVAILABLE FOR 2023/2024 ACADEMIC YEAR**
AT SANDSTONE WE CAN OFFER VIRTUAL VIEWINGS VIA ZOOM. Modern and Stylish newly renovated 4 bedroom HMO property to rent. The property has been finished to the highest standard.",2880.0,665.0,today,"Sandstone UK Property Management Solutions Ltd, Bristol",https://media.rightmove.co.uk:443/dir/crop/10:9-16:9/77k/76425/128495753/76425_P6176_IMG_00_0000_max_476x317.jpeg,4,house,"('51.4798937', '-2.5203086')",51.4798937,-2.5203086,,146
4 bedroom terraced house,https://www.rightmove.co.uk/properties/128495768#/?channel=STU_LET,"Ringwood Crescent, Southmead, Bristol, BS10","** AVAILABLE 23/24 ACADEMIC YEAR** AT SANDSTONE WE OFFER VIRTUAL VIEWINGS VIA ZOOM!
‘Stunning 4-bedroom property offers modern and stylish home. Offered fully furnished in the heart of Southmead. Perfect for Students/Professionals. ",2980.0,688.0,today,"Sandstone UK Property Management Solutions Ltd, Bristol",https://media.rightmove.co.uk:443/dir/crop/10:9-16:9/77k/76425/128495750/76425_P6175_IMG_00_0000_max_476x317.jpeg,4,house,"('51.5038208', '-2.5973247')",51.5038208,-2.5973247,,146
5 bedroom semi-detached house,https://www.rightmove.co.uk/properties/128495768#/?channel=STU_LET,"Gayner Road, Filton, Bristol, BS7","**AVAILABLE FOR 2023/2024 ACADEMIC YEAR**
AT SANDSTONE WE CAN OFFER VIRTUAL VIEWINGS VIA ZOOM.Stunning 5 bedroom HMO finished to the highest standard. Open plan living/dining/kitchen, double bedrooms, shower room & w.c. Private gardens. ",3840.0,886.0,today,"Sandstone UK Property Management Solutions Ltd, Bristol",https://media.rightmove.co.uk:443/dir/crop/10:9-16:9/77k/76425/128495747/76425_P6165_IMG_00_0000_max_476x317.jpeg,5,house,"('51.4538022', '-2.5972985')",51.4538022,-2.5972985,,146
4 bedroom semi-detached house,https://www.rightmove.co.uk/properties/128495765#/?channel=STU_LET,"Warren Road, Filton, Bristol, BS34","**AVAIL 23/24 ACADEMIC YEAR!!** Stunning renovated four bedroom property, finished to the highest standard. The property benefits from private garden, off street parking and brand new fitted kitchen/bathroom. ",3180.0,734.0,today,"Sandstone UK Property Management Solutions Ltd, Bristol",https://media.rightmove.co.uk:443/dir/crop/10:9-16:9/77k/76425/128495744/76425_P6159_IMG_00_0000_max_476x317.jpeg,4,house,"('51.4538022', '-2.5972985')",51.4538022,-2.5972985,,146
4 bedroom terraced house,https://www.rightmove.co.uk/properties/128495765#/?channel=STU_LET,"Station Road, Filton, Bristol, BS34","**AVAVILABLE FOR 2023/2024 ACADEMIC YEAR**
Stunning newly renovated 4 bedroom property to rent on Station Road, offered fully furnished and finished to the highest standard. The property benefits from a private garden and spacious double bedrooms. ",2900.0,669.0,today,"Sandstone UK Property Management Solutions Ltd, Bristol",https://media.rightmove.co.uk:443/dir/crop/10:9-16:9/77k/76425/128495738/76425_P6134_IMG_00_0000_max_476x317.jpeg,4,house,"('51.4538022', '-2.5972985')",51.4538022,-2.5972985,,146
4 bedroom terraced house,https://www.rightmove.co.uk/properties/128495762#/?channel=STU_LET,"Winchester Road, Brislington West, Bristol, BS4","**AVAILABLE FOR 2023/2024 ACADEMIC YEAR**
AT SANDSTONE WE CAN OFFER VIRTUAL VIEWINGS VIA ZOOM. Stunning recently renovated 4 bedroom house to rent.",2810.0,648.0,today,"Sandstone UK Property Management Solutions Ltd, Bristol",https://media.rightmove.co.uk:443/dir/crop/10:9-16:9/77k/76425/128495735/76425_P6126_IMG_00_0000_max_476x317.jpeg,4,house,"('51.4382851', '-2.5532585')",51.4382851,-2.5532585,,146
4 bedroom terraced house,https://www.rightmove.co.uk/properties/128495762#/?channel=STU_LET,"Station Road, Filton, Bristol, BS34","**AVAILABLE FOR 2023/2024 ACADEMIC YEAR**
This impressive newly renovated mid-terraced house offers a modern and stylish home.",3105.0,717.0,today,"Sandstone UK Property Management Solutions Ltd, Bristol",https://media.rightmove.co.uk:443/dir/crop/10:9-16:9/77k/76425/128495729/76425_P6016_IMG_00_0000_max_476x317.jpeg,4,house,"('51.4538022', '-2.5972985')",51.4538022,-2.5972985,,146
4 bedroom semi-detached house,https://www.rightmove.co.uk/properties/128495759#/?channel=STU_LET,"Downend Road, Kingswood, Bristol, BS15","**AVAILABLE FOR 2023/2024 ACADEMIC YEAR**
This stunning property boasts a new kitchen, a new family bathroom and four spacious double bedrooms. The property features a private garden and free parking.",2865.0,661.0,today,"Sandstone UK Property Management Solutions Ltd, Bristol",https://media.rightmove.co.uk:443/dir/crop/10:9-16:9/77k/76425/128495726/76425_P5968_IMG_00_0000_max_476x317.jpeg,4,house,"('51.4538022', '-2.5972985')",51.4538022,-2.5972985,,146
4 bedroom terraced house,https://www.rightmove.co.uk/properties/128495759#/?channel=STU_LET,"Savoy Road, Brislington West, Bristol, BS4","**AVAILABLE FOR 2023/2024 ACADEMIC YEAR**
Tastefully-presented four-bedroom property located in the Birslington Area. This newly renovated property benefits from having free on street parking and a private garden.",2820.0,651.0,today,"Sandstone UK Property Management Solutions Ltd, Bristol",https://media.rightmove.co.uk:443/dir/crop/10:9-16:9/77k/76425/128495717/76425_P5952_IMG_00_0000_max_476x317.jpeg,4,house,"('51.4455831', '-2.5533502')",51.4455831,-2.5533502,,146
4 bedroom terraced house,https://www.rightmove.co.uk/properties/128495756#/?channel=STU_LET,"Southmead Road, Southmead, Bristol, BS10","*AVAIL 23/24 ACADEMIC YEAR** This lovely Victorian cottage located on Southmead Road in Horfield, boasts a lovely Kitchen, a family Bathroom and four spacious double bedrooms. The property features a private garden and free parking.",2475.0,571.0,today,"Sandstone UK Property Management Solutions Ltd, Bristol",https://media.rightmove.co.uk:443/dir/crop/10:9-16:9/77k/76425/128495714/76425_P5943_IMG_00_0000_max_476x317.jpeg,4,house,"('51.5026922', '-2.5892676')",51.5026922,-2.5892676,,146
3 bedroom terraced house,https://www.rightmove.co.uk/properties/128495756#/?channel=STU_LET,"Mortimer Road, Filton, Bristol, BS34","**AVAILABLE ACADEMIC YEAR 23/24**
Tastefully-presented three-bedroom property located in the Filton Area. This newly renovated property benefits from having free on street parking and a private garden. ",2410.0,556.0,today,"Sandstone UK Property Management Solutions Ltd, Bristol",https://media.rightmove.co.uk:443/dir/crop/10:9-16:9/77k/76425/128495711/76425_P5930_IMG_00_0000_max_476x317.jpeg,3,house,"('51.4538022', '-2.5972985')",51.4538022,-2.5972985,,146
4 bedroom terraced house,https://www.rightmove.co.uk/properties/128495753#/?channel=STU_LET,"Muller Road, Eastville, Bristol, BS5",This impressive newly renovated mid-terraced house offers a modern and stylish home. The property benefits from a spacious living and dining area with a separate newly fitted kitchen. This 4 bedroom property is provided fully furnished. ,2205.0,509.0,today,"Sandstone UK Property Management Solutions Ltd, Bristol",https://media.rightmove.co.uk:443/dir/crop/10:9-16:9/77k/76425/128495708/76425_P5906_IMG_00_0000_max_476x317.jpeg,4,house,"('51.4752278', '-2.5636096')",51.4752278,-2.5636096,,146
4 bedroom terraced house,https://www.rightmove.co.uk/properties/128495753#/?channel=STU_LET,"Repton Road, Brislington West, Bristol, BS4","*AVAIL 23/24 ACADEMIC YEAR* Located in the Brislington area, this four-bedroom property is recently renovated offering a newly integrated kitchen and bathroom and redecorated throughout. ",2850.0,658.0,today,"Sandstone UK Property Management Solutions Ltd, Bristol",https://media.rightmove.co.uk:443/dir/crop/10:9-16:9/77k/76425/128495705/76425_P5832_IMG_00_0000_max_476x317.jpeg,4,house,"('51.4389765', '-2.5551631')",51.4389765,-2.5551631,,146
4 bedroom terraced house,https://www.rightmove.co.uk/properties/128495750#/?channel=STU_LET,"Muller Road, Eastville, Bristol, BS5",**AVAILABLE FOR 2023/2024 ACADEMIC YEAR** This impressive newly renovated mid-terraced house offers a modern and stylish home.,2645.0,610.0,today,"Sandstone UK Property Management Solutions Ltd, Bristol",https://media.rightmove.co.uk:443/dir/crop/10:9-16:9/77k/76425/128495861/76425_P7138_IMG_00_0000_max_476x317.jpeg,4,house,"('51.4752278', '-2.5636096')",51.4752278,-2.5636096,,146
House share,https://www.rightmove.co.uk/properties/128518880#/?channel=STU_LET,"Redland Road, BS6",An en-suite double room to let for professionals or PHD students with a private en-suite and kitchen facilities in the beautiful area of Redland. 15 minutes walk to the popular Whiteladies Road and Gloucester Road. This room can accept couples. Train station is a 5 minutes walk from the prope...,800.0,185.0,today,"Bristol Property Centre, Bristol",https://media.rightmove.co.uk:443/dir/crop/10:9-16:9/81k/80230/128518880/80230_10365499_IMG_00_0000_max_476x317.jpeg,1,share,"('51.4699758', '-2.6020239')",51.4699758,-2.6020239,,146
4 bedroom terraced house,https://www.rightmove.co.uk/properties/128518880#/?channel=STU_LET,"Boston Road, Horfield, Bristol, BS7","**AVAILABLE FOR 2023/2024 ACADEMIC YEAR**
This stunning 1930’s terraced property includes lovely integrated kitchen and bathroom and comes decorated throughout. This property further benefits from free on-street parking and a private garden. ",3060.0,706.0,today,"Sandstone UK Property Management Solutions Ltd, Bristol",https://media.rightmove.co.uk:443/dir/crop/10:9-16:9/77k/76425/128495702/76425_P5792_IMG_00_0000_max_476x317.jpeg,4,house,"('51.480310599999996', '-2.5885994999999915')",51.480310599999996,-2.5885994999999915,,146
4 bedroom terraced house,https://www.rightmove.co.uk/properties/128495702#/?channel=STU_LET,"Thicket Road, Fishponds, Bristol, BS16","**AVAILABLE FOR 2023/2024 ACADEMIC YEAR**
Classic four-bedroom property available in the Fishponds area. This property is recently renovated, offering a modern home. This property benefits from a private garden.",3035.0,700.0,today,"Sandstone UK Property Management Solutions Ltd, Bristol",https://media.rightmove.co.uk:443/dir/crop/10:9-16:9/77k/76425/128495699/76425_P5725_IMG_00_0000_max_476x317.jpeg,4,house,"('51.481451', '-2.5159215')",51.481451,-2.5159215,,146
5 bedroom terraced house,https://www.rightmove.co.uk/properties/128495702#/?channel=STU_LET,"William Street, Totterdown, Bristol, BS3","**AVAILABLE ACADEMIC YEAR 23/24**
Impressive, newly renovated five bedroom Victorian terraced property offering modern and stylish home in Totterdown area of Bristol",3585.0,827.0,today,"Sandstone UK Property Management Solutions Ltd, Bristol",https://media.rightmove.co.uk:443/dir/crop/10:9-16:9/77k/76425/128495687/76425_P5590_IMG_00_0000_max_476x317.jpeg,5,house,"('51.4437', '-2.5800882')",51.4437,-2.5800882,,146
6 bedroom terraced house,https://www.rightmove.co.uk/properties/128495699#/?channel=STU_LET,"Lindsay Road, Eastville, Bristol, BS7","** AVAILABLE 23/24 ACADEMIC YEAR. AT SANDSTONE WE OFFER VIRTUAL VIEWINGS VIA ZOOM!**
‘Stunning 6-bedroom property offers modern and stylish home. Offered fully furnished in the heart of Eastville. Perfect for Students/Professionals. ",3995.0,922.0,today,"Sandstone UK Property Management Solutions Ltd, Bristol",https://media.rightmove.co.uk:443/dir/crop/10:9-16:9/77k/76425/128453741/76425_P5900_IMG_00_0000_max_476x317.jpeg,6,house,"('51.4810462', '-2.5707257')",51.4810462,-2.5707257,,146
6 bedroom detached house,https://www.rightmove.co.uk/properties/128495699#/?channel=STU_LET,"Lodge Causeway, Fishponds, Bristol, BS16","**AVAILABLE ACADEMIC YEAR 23/24** Located in Bristol, this newly renovated six-bedroom property offers a modern and stylish home. ",3720.0,858.0,today,"Sandstone UK Property Management Solutions Ltd, Bristol",https://media.rightmove.co.uk:443/dir/crop/10:9-16:9/77k/76425/128453714/76425_P5621_IMG_00_0000_max_476x317.jpeg,6,house,"('51.4771205', '-2.5369813')",51.4771205,-2.5369813,,146
4 bedroom terraced house,https://www.rightmove.co.uk/properties/128495687#/?channel=STU_LET,"Filton Avenue, Filton, Bristol, BS34","**AVAILABLE FOR 2023/2024 ACADEMIC YEAR**
AT SANDSTONE WE OFFER VIRTUAL VIEWINGS VIA ZOOM. This stunning property comprises of four spacious double bedrooms and be a modern and stylish home for students or professionals.",2750.0,635.0,today,"Sandstone UK Property Management Solutions Ltd, Bristol",https://media.rightmove.co.uk:443/dir/crop/10:9-16:9/77k/76425/128453711/76425_P5407_IMG_00_0000_max_476x317.jpeg,4,house,"('51.4538022', '-2.5972985')",51.4538022,-2.5972985,,146
Studio flat,https://www.rightmove.co.uk/properties/128495687#/?channel=STU_LET,"Terry House, Park Row","Tastefully refurbished studio apartment situated in a quiet location close to, and offering glorious panoramic skyline views of: Bristol University, Park Street, St George's, Cabot Tower, Brandon Hill Park and the Cathedral. Just across the street from Bristol University, the property is only a f...",1400.0,323.0,yesterday,"Berkeley Estates and Management, Bristol",https://media.rightmove.co.uk:443/dir/crop/10:9-16:9/48k/47439/128475092/47439_102083000777_IMG_00_0000_max_476x317.jpeg,studio,flat,"('51.4547218', '-2.6017086069905213')",51.4547218,-2.6017086069905213,,146
2 bedroom apartment,https://www.rightmove.co.uk/properties/128453741#/?channel=STU_LET,"Cadbury Heath Road, Bristol","TWO BEDROOM FIRST FLOOR FLAT!! PARKING FOR ONE CAR!! OFFERED UNFURNISHED!! AVAILABLE NOVEMBER 2022!! 5 WEEKS DEPOSIT - £1,096.15!! LONG TERM TENANCY WITH AN INITIAL PERIOD OF 6 MONTHS!! COUNCIL TAX BAND - B!! Blue Sky are pleased to offer for rent this two bedroom first floor apartment located in...",950.0,219.0,yesterday,"Blue Sky Estate Agents, Bristol",https://media.rightmove.co.uk:443/dir/crop/10:9-16:9/52k/51564/128492300/51564_31903598_IMG_00_0000_max_476x317.jpeg,2,apartment,"('51.4538022', '-2.5972985')",51.4538022,-2.5972985,,146
3 bedroom flat,https://www.rightmove.co.uk/properties/128453741#/?channel=STU_LET,"14  Newnham Place, Bristol, Bristol","We are proud to present this 3-bed flat in Newnham Place, Bristol near Cribbs Causeway, Aztec West, and many industries, and within
easy reach to M5. With its hotel-quality super comfortable beds, smart TV, and fast Wi-fi, you can relax and unwind from the moment you walk
through the door! Supe...",3400.0,785.0,yesterday,"HYBR, London",https://media.rightmove.co.uk:443/dir/crop/10:9-16:9/248k/247793/128476364/247793_97bd09fc-2d13-4ba2-b4f8-eabf3fb35c7e_IMG_00_0000_max_476x317.jpeg,3,flat,"('51.4538022', '-2.5972985')",51.4538022,-2.5972985,,146
2 bedroom flat,https://www.rightmove.co.uk/properties/128453714#/?channel=STU_LET,"191  Coronation Rd, Bristol, Bristol","We are proud to present this 2-bed top-floor apartment in an excellent location on Coronation road, within the heart of Bristol. The flat is 2.6 km from Ashton Court and 3.1 km from Bristol Temple Meads Station. Amenities such as free WiFi and a flat-screen TV are included. This apartment is 4...",1360.0,314.0,yesterday,"HYBR, London",https://media.rightmove.co.uk:443/dir/crop/10:9-16:9/248k/247793/128383145/247793_4d6901b1-2983-4bb4-ba13-745e12e84079_IMG_00_0000_max_476x317.jpeg,2,flat,"('51.4447201', '-2.6160644')",51.4447201,-2.6160644,,146
2 bedroom flat,https://www.rightmove.co.uk/properties/128453714#/?channel=STU_LET,"Stoke Park Road South, Bristol","LUXURY 2-BEDROOM FLAT - Bristol SU Lettings are delighted to offer this stunning 2-bed flat, located in a peaceful location next to the Downs in Stoke Bishop. The flat boasts a hugely spacious open-plan layout with antique furnishings throughout. There is a well-fitted kitchen with integrated fri...",1750.0,404.0,yesterday,"Bristol SU Lettings, Bristol",https://media.rightmove.co.uk:443/dir/crop/10:9-16:9/102k/101767/128459108/101767_11075829_IMG_00_0000_max_476x317.jpeg,2,flat,"('51.474621', '-2.6279889')",51.474621,-2.6279889,,146
6 bedroom property,https://www.rightmove.co.uk/properties/128453711#/?channel=STU_LET,"Home Leas Close, Bristol",**Available August 2023 for a 12-month contract** **bills included** Gough Quarters are proud to bring to the market this luxury 6 bedroom student property located a short distance away from the University of the West of England. The property consists of 6 double bedrooms (cont.),4170.0,962.0,yesterday,"Gough Quarters, Clifton",https://media.rightmove.co.uk:443/dir/crop/10:9-16:9/56k/55770/115896944/55770_GOQ1000231_IMG_00_0000_max_476x317.jpeg,6,property,"('51.4538022', '-2.5972985')",51.4538022,-2.5972985,,146
5 bedroom semi-detached house,https://www.rightmove.co.uk/properties/128453711#/?channel=STU_LET,"Long Down Avenue, Stapleton, Bristol", **Available July 2023 for a 12-month contract** **bills not included** Gough Quarters are proud to bring to the market this luxury 5 bedroom student property located in Cheswick village a short distance away from the University of the West of England. A co-op and coffee shop (cont.),2975.0,687.0,yesterday,"Gough Quarters, Clifton",https://media.rightmove.co.uk:443/dir/crop/10:9-16:9/56k/55770/86528846/55770_GOQ1000440_IMG_01_0000_max_476x317.jpg,5,house,"('51.4538022', '-2.5972985')",51.4538022,-2.5972985,,146
5 bedroom end of terrace house,https://www.rightmove.co.uk/properties/128475092#/?channel=STU_LET,"Wright Way, Stapleton, Bristol","Gough Quarters are proud to advertise this five double bed, end terrace student property on Wright Way, Stapleton. Located a few minutes walk distance to UWE Frenchay campus The spacious and modern property consists of 5 double bedrooms, one with en-suite, main bathroom, k (cont.)",2925.0,675.0,yesterday,"Gough Quarters, Clifton",https://media.rightmove.co.uk:443/dir/crop/10:9-16:9/56k/55770/86527757/55770_GOQ1000443_IMG_01_0000_max_476x317.jpg,5,house,"('51.4538022', '-2.5972985')",51.4538022,-2.5972985,,146
5 bedroom terraced house,https://www.rightmove.co.uk/properties/128475092#/?channel=STU_LET,"Wright Way, Stapleton, Bristol","**bills not included** Gough Quarters are proud to bring to the market this 5 bed student property on Wright Way, Stapleton. Located next door and walking distance to UWE Frenchay campus no early morning bus rides! The spacious and modern property consists of 5 doub (cont.)",2925.0,675.0,yesterday,"Gough Quarters, Clifton",https://media.rightmove.co.uk:443/dir/crop/10:9-16:9/56k/55770/103253666/55770_GOQ1000444_IMG_00_0000_max_476x317.jpeg,5,house,"('51.4538022', '-2.5972985')",51.4538022,-2.5972985,,146
5 bedroom terraced house,https://www.rightmove.co.uk/properties/128492300#/?channel=STU_LET,"Wright Way, Stapleton, Bristol","Gough Quarters are proud to bring to the market this 5 bed student property on Wright Way, Stapleton. Located next door and walking distance to UWE Frenchay campus no early morning bus rides! The spacious and modern property consists of 5 double bedrooms, one with en-suite (cont.)",2925.0,675.0,yesterday,"Gough Quarters, Clifton",https://media.rightmove.co.uk:443/dir/crop/10:9-16:9/56k/55770/104458580/55770_GOQ1000439_IMG_00_0000_max_476x317.jpeg,5,house,"('51.4538022', '-2.5972985')",51.4538022,-2.5972985,,146
5 bedroom terraced house,https://www.rightmove.co.uk/properties/128492300#/?channel=STU_LET,"Wright Way, Stapleton, Bristol","Gough Quarters are proud to bring to the market this 5 bed student property on Wright Way, Stapleton. Located next door and walking distance to UWE Frenchay campus no early morning bus rides! The spacious and modern property consists of 5 double bedrooms, one with en-suite (cont.)",2925.0,675.0,yesterday,"Gough Quarters, Clifton",https://media.rightmove.co.uk:443/dir/crop/10:9-16:9/56k/55770/117607562/55770_GOQ1000445_IMG_00_0000_max_476x317.jpeg,5,house,"('51.4538022', '-2.5972985')",51.4538022,-2.5972985,,146
4 bedroom terraced house,https://www.rightmove.co.uk/properties/128476364#/?channel=STU_LET,"Southmead Road, Horfield, Bristol, BS10",**AVAILABLE FOR 2023/2024 ACADEMIC YEAR** SANDTONE WE CAN OFFER VIRTUAL VIEWINGS VIA ZOOM. Stunning recently renovated 4-bedroom property offers a modern and stylish home. Offered fully furnished in the heart of Horfield. ,2500.0,577.0,yesterday,"Sandstone UK Property Management Solutions Ltd, Bristol",https://media.rightmove.co.uk:443/dir/crop/10:9-16:9/77k/76425/128453804/76425_P6589_IMG_00_0000_max_476x317.jpeg,4,house,"('51.5026922', '-2.5892676')",51.5026922,-2.5892676,,146
4 bedroom terraced house,https://www.rightmove.co.uk/properties/128476364#/?channel=STU_LET,"Southmead Road, Southmead, Bristol, BS10",**AVAILABLE FOR 2023/2024 ACADEMIC YEAR** AT SANDSTONE WE CAN OFFER VIRTUAL VIEWINGS VIA ZOOM. Stunning recently renovated 4-bedroom property offers a modern and stylish home. Offered fully furnished in the heart of Horfield. ,2505.0,578.0,yesterday,"Sandstone UK Property Management Solutions Ltd, Bristol",https://media.rightmove.co.uk:443/dir/crop/10:9-16:9/77k/76425/128453807/76425_P6591_IMG_00_0000_max_476x317.jpeg,4,house,"('51.5026922', '-2.5892676')",51.5026922,-2.5892676,,146
4 bedroom terraced house,https://www.rightmove.co.uk/properties/128383145#/?channel=STU_LET,"Stanley Street South, Bedminster, Bristol, BS3","**AVAILABLE FOR 2023/2024 ACADEMIC YEAR**
*AT SANDSTONE WE CAN OFFER VIRTUAL VIEWINGS VIA ZOOM.
Stunning newly renovated four bed room house to rent, offered fully furnished with private garden. ",3175.0,733.0,yesterday,"Sandstone UK Property Management Solutions Ltd, Bristol",https://media.rightmove.co.uk:443/dir/crop/10:9-16:9/77k/76425/128453810/76425_P6622_IMG_00_0000_max_476x317.jpeg,4,house,"('51.436471', '-2.6045537')",51.436471,-2.6045537,,146
4 bedroom semi-detached house,https://www.rightmove.co.uk/properties/128383145#/?channel=STU_LET,"Forest Road, Fishponds, Bristol, BS16","**AVAILABLE FOR 2023/2024 ACADEMIC YEAR**
Recently renovated, this stunning property comprises of four spacious double bedrooms and be a modern and stylish home for students or professionals. In the heart of Fishponds.",3000.0,692.0,yesterday,"Sandstone UK Property Management Solutions Ltd, Bristol",https://media.rightmove.co.uk:443/dir/crop/10:9-16:9/77k/76425/128453813/76425_P6635_IMG_00_0000_max_476x317.jpeg,4,house,"('51.4801856', '-2.5223411')",51.4801856,-2.5223411,,146
4 bedroom terraced house,https://www.rightmove.co.uk/properties/128459108#/?channel=STU_LET,"Woodborough Street, Easton, Bristol, BS5","**AVAILABLE FOR 2023/2024 ACADEMIC YEAR**
AT SANDSTONE WE CAN OFFER VIRTUAL VIEWINGS VIA ZOOM. Stunning newly renovated and modern four bedroom Victorian mid- terraced house in Easton. Perfect for young professionals. ",3000.0,692.0,yesterday,"Sandstone UK Property Management Solutions Ltd, Bristol",https://media.rightmove.co.uk:443/dir/crop/10:9-16:9/77k/76425/128453789/76425_P6376_IMG_00_0000_max_476x317.jpeg,4,house,"('51.4652668', '-2.5681866')",51.4652668,-2.5681866,,146
5 bedroom semi-detached house,https://www.rightmove.co.uk/properties/128459108#/?channel=STU_LET,"Manor Road, Fishponds, Bristol, BS16","*AVAILABLE FOR 2023/2024 ACADEMIC YEAR**
AT SANDSTONE WE CAN OFFER VIRTUAL VIEWINGS VIA ZOOM. Recently renovated, this stunning property comprises of five spacious double bedrooms and be a modern and stylish home for students or professionals.",3750.0,865.0,yesterday,"Sandstone UK Property Management Solutions Ltd, Bristol",https://media.rightmove.co.uk:443/dir/crop/10:9-16:9/77k/76425/128453792/76425_P6440_IMG_00_0000_max_476x317.jpeg,5,house,"('51.4826037', '-2.5340354')",51.4826037,-2.5340354,,146
4 bedroom terraced house,https://www.rightmove.co.uk/properties/115896944#/?channel=STU_LET,"Charborough Road, Filton, Bristol, BS34","*AVAILABLE 23/24 ACADEMIC YEAR* AT SANDSTONE UK WE CAN OFFER VIRTUAL VIEWINGS VIA ZOOM. Recently renovated, this stunning property comprises of four spacious double bedrooms and be a modern and stylish home for students or professionals.",3000.0,692.0,yesterday,"Sandstone UK Property Management Solutions Ltd, Bristol",https://media.rightmove.co.uk:443/dir/crop/10:9-16:9/77k/76425/128453795/76425_P6487_IMG_00_0000_max_476x317.jpeg,4,house,"('51.4538022', '-2.5972985')",51.4538022,-2.5972985,,146
8 bedroom terraced house,https://www.rightmove.co.uk/properties/127707734#/?channel=STU_LET,"Lodge Causeway, Bristol, BS16","A fully furnished property close to the multitude of shops, bars, cafes and restaurants of Fishponds and offering good public transport links. Available to students and professional sharers alike, the property is available early-December with appliances included.",6000.0,1385.0,04/10/2022,"CJ Hole, Kingswood",https://media.rightmove.co.uk:443/dir/crop/10:9-16:9/163k/162938/127707734/162938_KIL220228_L_IMG_00_0000_max_476x317.jpeg,8,house,"('51.4771205', '-2.5369813')",51.4771205,-2.5369813,,146
4 bedroom semi-detached house,https://www.rightmove.co.uk/properties/127707734#/?channel=STU_LET,"Gloucester Road, Bristol, BS16","**AVAILABLE FOR 23/24 ACADEMIC YEAR** AT SANDSTONE WE CAN OFFER VIRTUAL VIEWINGS VIA ZOOM. Recently renovated, this stunning property comprises of four spacious double bedrooms and be a modern and stylish home for students or professionals.",2885.0,666.0,yesterday,"Sandstone UK Property Management Solutions Ltd, Bristol",https://media.rightmove.co.uk:443/dir/crop/10:9-16:9/77k/76425/128453798/76425_P6563_IMG_00_0000_max_476x317.jpeg,4,house,"('51.4868374', '-2.5854344')",51.4868374,-2.5854344,,146
4 bedroom terraced house,https://www.rightmove.co.uk/properties/128453798#/?channel=STU_LET,"Claverham Road, Fishponds, Bristol, BS16","**AVAILABLE FOR 23/24 ACADEMIC YEAR** AT SANDSTONE WE CAN OFFER VIRTUAL VIEWINGS VIA ZOOM. Recently renovated, this stunning property comprises of four spacious double bedrooms and be a modern and stylish home for students or professionals.",3000.0,692.0,yesterday,"Sandstone UK Property Management Solutions Ltd, Bristol",https://media.rightmove.co.uk:443/dir/crop/10:9-16:9/77k/76425/128453801/76425_P6583_IMG_00_0000_max_476x317.jpeg,4,house,"('51.4835851', '-2.5326089')",51.4835851,-2.5326089,,146
4 bedroom semi-detached house,https://www.rightmove.co.uk/properties/128453798#/?channel=STU_LET,"Ambleside Avenue, Southmead, Bristol, BS10","**AVAILABLE FOR 2023/2024 ACADEMIC YEAR**
AT SANDSTONE WE CAN OFFER VIRTUAL VIEWINGS VIA ZOOM. Stunning newly renovated four bedroom end terraced house to rent. Ideal for both students and medical professionals.",2885.0,666.0,yesterday,"Sandstone UK Property Management Solutions Ltd, Bristol",https://media.rightmove.co.uk:443/dir/crop/10:9-16:9/77k/76425/128453783/76425_P6362_IMG_00_0000_max_476x317.jpeg,4,house,"('51.5047612', '-2.6083223')",51.5047612,-2.6083223,,146
4 bedroom terraced house,https://www.rightmove.co.uk/properties/128453801#/?channel=STU_LET,"Upper Station Road, Staple Hill, Bristol, BS16","*AVAIL 23/24 ACADEMIC YEAR!!*
Fantastic newly renovated 4 bedroom HMO property to rent in Staple Hill! Offered fully furnished and finished to the highest standard, this incredible property has it all.",2865.0,661.0,yesterday,"Sandstone UK Property Management Solutions Ltd, Bristol",https://media.rightmove.co.uk:443/dir/crop/10:9-16:9/77k/76425/128453786/76425_P6364_IMG_00_0000_max_476x317.jpeg,4,house,"('51.4538022', '-2.5972985')",51.4538022,-2.5972985,,146
4 bedroom terraced house,https://www.rightmove.co.uk/properties/128453801#/?channel=STU_LET,"Edna Avenue, Brislington East, Bristol, BS4","** AVAILABLE 23/24 ACADEMIC YEAR. AT SANDSTONE WE OFFER VIRTUAL VIEWINGS VIA ZOOM!**
‘Stunning 4-bedroom property offers modern and stylish home. Offered fully furnished in the heart of Brislington. Perfect for Students/Professionals. ",3150.0,727.0,yesterday,"Sandstone UK Property Management Solutions Ltd, Bristol",https://media.rightmove.co.uk:443/dir/crop/10:9-16:9/77k/76425/128453774/76425_P6201_IMG_00_0000_max_476x317.jpeg,4,house,"('51.4538022', '-2.5972985')",51.4538022,-2.5972985,,146
4 bedroom semi-detached house,https://www.rightmove.co.uk/properties/128453783#/?channel=STU_LET,"Dominion Road, Fishponds, Bristol, BS16","**Avail 23/24 academic year** This stunning property, boasts a lovely kitchen, two bathrooms including a spacious shower room with separate downstairs WC and four spacious double bedrooms. ",3140.0,725.0,yesterday,"Sandstone UK Property Management Solutions Ltd, Bristol",https://media.rightmove.co.uk:443/dir/crop/10:9-16:9/77k/76425/128453756/76425_P5965_IMG_00_0000_max_476x317.jpeg,4,house,"('51.473754', '-2.5384612')",51.473754,-2.5384612,,146
3 bedroom semi-detached house,https://www.rightmove.co.uk/properties/128453783#/?channel=STU_LET,"Dominion Road, Fishponds, Bristol, BS16","** AVAILABLE 23/24 ACADEMIC YEAR. AT SANDSTONE WE OFFER VIRTUAL VIEWINGS VIA ZOOM!**
‘Stunning 3-bedroom property offers modern and stylish home. Offered fully furnished in the heart of Fishponds. Perfect for Students/Professionals. ",2610.0,602.0,yesterday,"Sandstone UK Property Management Solutions Ltd, Bristol",https://media.rightmove.co.uk:443/dir/crop/10:9-16:9/77k/76425/128453759/76425_P5966_IMG_00_0000_max_476x317.jpeg,3,house,"('51.473754', '-2.5384612')",51.473754,-2.5384612,,146
4 bedroom terraced house,https://www.rightmove.co.uk/properties/128453786#/?channel=STU_LET,"Ambleside Avenue, Southmead, Bristol, BS10","**AVAILABLE FOR 2023/2024 ACADEMIC YEAR**
AT SANDSTONE WE CAN OFFER VIRTUAL VIEWINGS VIA ZOOM. This lovely property, boasts a stunning Kitchen, family Bathroom and four double bedrooms. The property features a private garden and a private driveway.",2600.0,600.0,yesterday,"Sandstone UK Property Management Solutions Ltd, Bristol",https://media.rightmove.co.uk:443/dir/crop/10:9-16:9/77k/76425/128453762/76425_P5995_IMG_00_0000_max_476x317.jpeg,4,house,"('51.5047612', '-2.6083223')",51.5047612,-2.6083223,,146
4 bedroom semi-detached house,https://www.rightmove.co.uk/properties/128453786#/?channel=STU_LET,"Station Road, Filton, Bristol, BS34","**AVAILABLE ACADEMIC YEAR 23/24**
Located in Filton, this newly renovated property offers a modern and stylish home. ",3160.0,729.0,yesterday,"Sandstone UK Property Management Solutions Ltd, Bristol",https://media.rightmove.co.uk:443/dir/crop/10:9-16:9/77k/76425/128453717/76425_P5664_IMG_00_0000_max_476x317.jpeg,4,house,"('51.4538022', '-2.5972985')",51.4538022,-2.5972985,,146
3 bedroom flat,https://www.rightmove.co.uk/properties/128453774#/?channel=STU_LET,"Sussex Place, St Paul's, Bristol, BS2","**AVAILABLE FOR 2023/2024 ACADEMIC YEAR**
Situated North-East of the City Centre, this three-bedroom property is recently renovated, offering a modern and stylish home. ",2480.0,572.0,yesterday,"Sandstone UK Property Management Solutions Ltd, Bristol",https://media.rightmove.co.uk:443/dir/crop/10:9-16:9/77k/76425/128453720/76425_P5681_IMG_00_0000_max_476x317.jpeg,3,flat,"('51.4674517', '-2.5796477')",51.4674517,-2.5796477,,146
2 bedroom flat,https://www.rightmove.co.uk/properties/128453774#/?channel=STU_LET,"Sussex Place, St Paul's, Bristol, BS2","**AVAILABLE ACADEMIC YEAR 23/24** Situated North-East of the City Centre, this two-bedroom property is recently renovated, offering a modern and stylish home. ",2025.0,467.0,yesterday,"Sandstone UK Property Management Solutions Ltd, Bristol",https://media.rightmove.co.uk:443/dir/crop/10:9-16:9/77k/76425/128453723/76425_P5682_IMG_00_0000_max_476x317.jpeg,2,flat,"('51.4674517', '-2.5796477')",51.4674517,-2.5796477,,146
2 bedroom flat,https://www.rightmove.co.uk/properties/128453756#/?channel=STU_LET,"Sussex Place, St Paul's, Bristol, BS2","** AVAILABLE 23/24 ACADEMIC YEAR. AT SANDSTONE WE OFFER VIRTUAL VIEWINGS VIA ZOOM!**
‘Stunning 2-bedroom property offers modern and stylish home. Offered fully furnished in the heart of St Pauls. Perfect for Students/Professionals. ",2045.0,472.0,yesterday,"Sandstone UK Property Management Solutions Ltd, Bristol",https://media.rightmove.co.uk:443/dir/crop/10:9-16:9/77k/76425/128453726/76425_P5683_IMG_00_0000_max_476x317.jpeg,2,flat,"('51.4674517', '-2.5796477')",51.4674517,-2.5796477,,146
5 bedroom terraced house,https://www.rightmove.co.uk/properties/128453756#/?channel=STU_LET,"Rose Green Road, St George East, Bristol, BS5","**AVAILABLE FOR 2023/2024 ACADEMIC YEAR**
Stunning cottage style home which features five spacious double bedrooms. This stunning property would suit a group of students or professionals looking for a modern and stylish home.",3620.0,835.0,yesterday,"Sandstone UK Property Management Solutions Ltd, Bristol",https://media.rightmove.co.uk:443/dir/crop/10:9-16:9/77k/76425/128453702/76425_P5230_IMG_00_0000_max_476x317.jpeg,5,house,"('51.4538022', '-2.5972985')",51.4538022,-2.5972985,,146
5 bedroom flat,https://www.rightmove.co.uk/properties/128453759#/?channel=STU_LET,"Filton Avenue, Horfield, Bristol, BS7","** AVAILABLE 23/24 ACADEMIC YEAR. AT SANDSTONE WE OFFER VIRTUAL VIEWINGS VIA ZOOM!**
‘Stunning 5-bedroom property offers modern and stylish home. Offered fully furnished in the heart of Horfield. Perfect for Students/Professionals. ",3750.0,865.0,yesterday,"Sandstone UK Property Management Solutions Ltd, Bristol",https://media.rightmove.co.uk:443/dir/crop/10:9-16:9/77k/76425/128453705/76425_P5243_IMG_00_0000_max_476x317.jpeg,5,flat,"('51.489455', '-2.5802162')",51.489455,-2.5802162,,146
5 bedroom terraced house,https://www.rightmove.co.uk/properties/128453759#/?channel=STU_LET,"Greystoke Avenue, Southmead, Bristol, BS10","**AVAILABLE ACADEMIC YEAR 23/24** This stunning property comprises of five spacious double bedrooms, with two bathrooms and would make a modern and stylish home for many types of residents.",3525.0,813.0,yesterday,"Sandstone UK Property Management Solutions Ltd, Bristol",https://media.rightmove.co.uk:443/dir/crop/10:9-16:9/77k/76425/128453708/76425_P5326_IMG_00_0000_max_476x317.jpeg,5,house,"('51.5028156', '-2.6024943')",51.5028156,-2.6024943,,146
1 bedroom apartment,https://www.rightmove.co.uk/properties/128453762#/?channel=STU_LET,"St Pauls Road,, Clifton, Bristol, BS8","PROFESSIONALS -A large, one bedroom flat located just off Whiteladies Road with shops, bars, restaurants and a cinema close to hand. There is also regular bus route to and from the city centre, although the flat is only a 25 minute walk from the Centre of Bristol. There is an open plan lounge/fi...",1400.0,323.0,yesterday,"Digs, Bristol",https://media.rightmove.co.uk:443/dir/crop/10:9-16:9/93k/92452/128453108/92452_BRI220049_L_IMG_00_0000_max_476x317.jpeg,1,apartment,"('51.4538022', '-2.5972985')",51.4538022,-2.5972985,,146
2 bedroom apartment,https://www.rightmove.co.uk/properties/128453762#/?channel=STU_LET,"Alma Road,Clifton","Berkeley Estates & Management are pleased to offer for rent this light spacious 2 bed garden flat, conveniently situated moments away from the shops and restaurants of Whiteladies Road and within close proximity of Clifton Down Train Station. ",1300.0,300.0,26/10/2022,"Berkeley Estates and Management, Bristol",https://media.rightmove.co.uk:443/dir/crop/10:9-16:9/48k/47439/85810529/47439_102083000117_IMG_01_0000_max_476x317.jpg,2,apartment,"('51.4622238', '-2.6129859')",51.4622238,-2.6129859,,146
1 bedroom apartment,https://www.rightmove.co.uk/properties/128453717#/?channel=STU_LET,"The Bank, Bushy Park, Bristol",Berkeley Estates & Management are pleased to offer this modern one bedroom apartment situated within extremely close proximity of Temple Meads Train Station. The apartment is part of a recent renovation of the old LLoyds Bank Building. Tastefully restored to modern living with neutral decor a...,950.0,219.0,26/10/2022,"Berkeley Estates and Management, Bristol",https://media.rightmove.co.uk:443/dir/crop/10:9-16:9/48k/47439/128438111/47439_102083000985_IMG_00_0000_max_476x317.jpeg,1,apartment,"('51.4538022', '-2.5972985')",51.4538022,-2.5972985,,146
4 bedroom detached house,https://www.rightmove.co.uk/properties/128453717#/?channel=STU_LET,"Heathfields, Bromley Heath ","Well presented, detached family home situated in the sought after Downend area of Bristol. Property comprises, entrance hall, WC, lounge, dining room, kitchen, utility area, four bedrooms, bathroom and en-suite. Further benefits include gas central heating, double glazing, garden, garage and park...",1800.0,415.0,26/10/2022,"Intire, Downend",https://media.rightmove.co.uk:443/dir/crop/10:9-16:9/42k/41070/128437442/41070_100760001035_IMG_00_0000_max_476x317.jpeg,4,house,"('51.4538022', '-2.5972985')",51.4538022,-2.5972985,,146
4 bedroom terraced house,https://www.rightmove.co.uk/properties/128453720#/?channel=STU_LET,"Greenbank Road, Easton",Berkeley Estates & Management are pleased to market this four bedroom HMO property to let. Recently renovated throughout to a high standard delivering an attractive furnished mid terrace house. Well situated in the popular Rose Green Road close to cycle track offering easy access to City Centre.,2400.0,554.0,26/10/2022,"Berkeley Estates and Management, Bristol",https://media.rightmove.co.uk:443/dir/crop/10:9-16:9/48k/47439/128340125/47439_102083001415_IMG_00_0000_max_476x317.jpeg,4,house,"('51.4682844', '-2.554176')",51.4682844,-2.554176,,146
4 bedroom flat,https://www.rightmove.co.uk/properties/128453720#/?channel=STU_LET,"Ashdene Avenue, Eastville, Bristol, BS5","**AVAILABLE FOR 2023/2024 ACADEMIC YEAR**
AT SANDSTONE WE OFFER VIRTUAL VIEWINGS VIA ZOOM!
Four bedroom recently renovated home offered fully furnished with private garden. Ideally located in Eastville, perfect for students and professionals alike.",3000.0,692.0,26/10/2022,"Sandstone UK Property Management Solutions Ltd, Bristol",https://media.rightmove.co.uk:443/dir/crop/10:9-16:9/77k/76425/128410232/76425_P6808_IMG_00_0000_max_476x317.jpeg,4,flat,"('51.4755288', '-2.5494154')",51.4755288,-2.5494154,,146
4 bedroom semi-detached house,https://www.rightmove.co.uk/properties/128453723#/?channel=STU_LET,"Berry Lane, Horfield, Bristol, BS7","**AVAILABLE FOR 2023/2024 ACADEMIC YEAR**
AT SANDSTONE WE CAN OFFER VIRTUAL VIEWINGS VIA ZOOM.
Mid-terrace four bedroom property newly renovated and offered fully furnished with private garden. Enquire today!",2940.0,678.0,26/10/2022,"Sandstone UK Property Management Solutions Ltd, Bristol",https://media.rightmove.co.uk:443/dir/crop/10:9-16:9/77k/76425/128410235/76425_P6845_IMG_00_0000_max_476x317.jpeg,4,house,"('51.4897804', '-2.5780579')",51.4897804,-2.5780579,,146
3 bedroom terraced house,https://www.rightmove.co.uk/properties/128453723#/?channel=STU_LET,"Downend Park Road, Staple Hill, Bristol, BS16","*AVAILABLE FOR 2023/2024 ACADEMIC YEAR**
AT SANDSTONE UK WE CAN OFFER VIRTUAL VIEWINGS VIA ZOOM.
Beautifully renovated three bedroom Victorian property, offered fully furnished with a private rear garden.
",2145.0,495.0,26/10/2022,"Sandstone UK Property Management Solutions Ltd, Bristol",https://media.rightmove.co.uk:443/dir/crop/10:9-16:9/77k/76425/128410241/76425_P6982_IMG_00_0000_max_476x317.jpeg,3,house,"('51.4538022', '-2.5972985')",51.4538022,-2.5972985,,146
4 bedroom terraced house,https://www.rightmove.co.uk/properties/128453726#/?channel=STU_LET,"Forest Road, Fishponds, Bristol, BS16","**AVAILABLE FOR 23/24 ACADEMIC YEAR** AT SANDSTONE UK WE CAN OFFER VIRTUAL VIEWINGS VIA ZOOM.
Newly renovated four bedroom semi-detached property with a garden in the heart of Fishponds. Fully-furnished and ideal for students!",3150.0,727.0,26/10/2022,"Sandstone UK Property Management Solutions Ltd, Bristol",https://media.rightmove.co.uk:443/dir/crop/10:9-16:9/77k/76425/128410223/76425_P6696_IMG_00_0000_max_476x317.jpeg,4,house,"('51.4801856', '-2.5223411')",51.4801856,-2.5223411,,146
2 bedroom apartment,https://www.rightmove.co.uk/properties/128101361#/?channel=STU_LET,Upper Maisonette Southfield Road,"STUDENT ACCOMMODATION ONLY - Recently renovated house, shared facilities - £850.00 per student, bills included. The newly refurbished property is being let Furnished comprising of 5 double bedrooms ( 2 beds are left now ) , shared kitchen (with Electric Cooker, Washing machine, Fridg (cont.)",1700.0,392.0,17/10/2022,"Flatline Letting and Property Management, Clifton",https://media.rightmove.co.uk:443/dir/crop/10:9-16:9/47k/46997/128101361/46997_FLA1002035_IMG_00_0000_max_476x317.jpeg,2,apartment,"('51.4538022', '-2.5972985')",51.4538022,-2.5972985,,146
4 bedroom flat,https://www.rightmove.co.uk/properties/128101361#/?channel=STU_LET,"Moorlands Road, Fishponds, Bristol, BS16","**AVAILABLE FOR 2023/2024 ACADEMIC YEAR**
AT SANDSTONE WE CAN OFFER VIRTUAL VIEWINGS VIA ZOOM. Stunning newly renovated four bedroom property in bustling Fishponds. Offered fully furnished with private garden!",3150.0,727.0,26/10/2022,"Sandstone UK Property Management Solutions Ltd, Bristol",https://media.rightmove.co.uk:443/dir/crop/10:9-16:9/77k/76425/128410229/76425_P6802_IMG_00_0000_max_476x317.jpeg,4,flat,"('51.4723781', '-2.534456')",51.4723781,-2.534456,,146
Studio flat,https://www.rightmove.co.uk/properties/128410229#/?channel=STU_LET,"Baldwin Street, Bristol",**STUDENT PROPERTY** **Academic Year 2023/2024** Studio Flat | Ideal for students or professionals | Fully furnished | Available 1st September 2023 | Couples also accepted If you are student starting Uni in September or a professional looking for a city centre pad then we are delighted to ...,1150.0,265.0,25/10/2022,"Bristol Property Centre, Bristol",https://media.rightmove.co.uk:443/dir/crop/10:9-16:9/81k/80230/128398010/80230_10431950_IMG_00_0000_max_476x317.jpeg,studio,flat,"('51.4538245', '-2.5919391')",51.4538245,-2.5919391,,146
8 bedroom house,https://www.rightmove.co.uk/properties/128410229#/?channel=STU_LET,"Berkeley Crescent, Bristol, BS8","A large eight-bedroom fully furnished student property located at the top of Park Street, a short walk to the University of Bristol Campus.",6280.0,1449.0,25/10/2022,"Hopewell, Bristol",https://media.rightmove.co.uk:443/dir/crop/10:9-16:9/143k/142562/128393240/142562_25504323_IMG_00_0000_max_476x317.jpeg,8,house,"('51.4538022', '-2.5972985')",51.4538022,-2.5972985,,146
4 bedroom terraced house,https://www.rightmove.co.uk/properties/128398010#/?channel=STU_LET,"Eldon Terrace, Bristol, BS3","Unfurnished - newly refurbished to an exceptional standard. Four double bedrooms, would suit 4 professionals or students. Available from 4th November 2022. ",2400.0,554.0,25/10/2022,"JBS Bristol Lettings, Bristol",https://media.rightmove.co.uk:443/dir/crop/10:9-16:9/159k/158492/128371850/158492_EldonJBS2_IMG_09_0000_max_476x317.jpeg,4,house,"('51.4382813', '-2.5953002')",51.4382813,-2.5953002,,146
3 bedroom apartment,https://www.rightmove.co.uk/properties/128398010#/?channel=STU_LET,"East Street, Bedminster, BS3 4EX","*** COUPLE AND FAMILIES ONLY***Romans are delighted to bring to market this recent refurbished three bedroom apartment available to a couple or family ONLY, the property is set in a appealing location with newly painted walls and new carpets throughout. The property is positioned in a friendly an...",1495.0,345.0,25/10/2022,"Romans, Clifton",https://media.rightmove.co.uk:443/dir/crop/10:9-16:9/9k/8190/128371517/8190_P220068_IMG_07_0000_max_476x317.jpeg,3,apartment,"('51.4393745', '-2.6018339')",51.4393745,-2.6018339,,146
3 bedroom semi-detached house,https://www.rightmove.co.uk/properties/128393240#/?channel=STU_LET,"Atherston, Bristol","3 BEDROOM SEMI-DETACHED FAMILY HOME!! DRIVEWAY PARKING!! RECENTLY DECORATED!! OFFERED UNFURNISHED!! AVAILABLE NOVEMBER 2022!! 5 WEEKS DEPOSIT - £1,557.69!! LONG TERM TENANCY WITH AN INITIAL PERIOD OF 6 MONTHS!! COUNCIL TAX BAND - C!! Blue Sky are proud to offer for rent this very well presented t...",1350.0,312.0,24/10/2022,"Blue Sky Estate Agents, Bristol",https://media.rightmove.co.uk:443/dir/crop/10:9-16:9/52k/51564/128364110/51564_31893735_IMG_00_0000_max_476x317.jpeg,3,house,"('51.4538022', '-2.5972985')",51.4538022,-2.5972985,,146
2 bedroom flat,https://www.rightmove.co.uk/properties/128393240#/?channel=STU_LET,"Rownham Court, Rownham Mead, Bristol, BS8","Situated in a quiet development in Hotwells, this spacious property comprises of a very large sitting/dining room, kitchen with integrated appliances, bathroom with shower over the bath and two double bedrooms. The apartment also benefits from a garage and balcony. This delightful two bed propert...",1500.0,346.0,24/10/2022,"Romans, Clifton",https://media.rightmove.co.uk:443/dir/crop/10:9-16:9/9k/8190/128000882/8190_P75857_IMG_02_0000_max_476x317.jpeg,2,flat,"('51.4496949', '-2.6172065988289535')",51.4496949,-2.6172065988289535,,146
1 bedroom flat,https://www.rightmove.co.uk/properties/128371850#/?channel=STU_LET,"25 East Street, Bristol, Bristol","We are proud to present this superb one bedroom top floor flat in an excellent location within the Bedminster area, within the heart of Bristol. The flat will be furnished and the modern kitchen comes with a washing machine and fridge/freezer. This property is ideal for students, a couple or a ...",1200.0,277.0,24/10/2022,"HYBR, London",https://media.rightmove.co.uk:443/dir/crop/10:9-16:9/248k/247793/128013539/247793_3b984db5-8f70-47d8-abac-7e7ce24e384c_IMG_04_0000_max_476x317.jpeg,1,flat,"('51.442789950000005', '-2.594978866891894')",51.442789950000005,-2.594978866891894,,146
4 bedroom semi-detached house,https://www.rightmove.co.uk/properties/128371850#/?channel=STU_LET,Keys Avenue - Horfield,"*Available for students and sharers* A large four bedroom house on a popular road in Horfield, close to local shops and amenities with good access to Gloucester Road, the MOD, Airbus, the M4, M5 and Filton parkway.The property is available late October and offered on a furnished or unfurnished ba...",2300.0,531.0,24/10/2022,"Ocean, Bishopston",https://media.rightmove.co.uk:443/dir/crop/10:9-16:9/14k/13286/85911024/13286_2648019_IMG_00_0002_max_476x317.jpeg,4,house,"('51.4936767', '-2.5778555')",51.4936767,-2.5778555,,146
7 bedroom semi-detached house,https://www.rightmove.co.uk/properties/128371517#/?channel=STU_LET,"Bonnington Walk, Lockleaze, Bristol, BS7","Brand new to the market comes this outstanding, high spec student property. Situated in a superb location for UWE students with good transport links nearby, the property offers the very best in student accommodation. Available on a fully furnished basis, with appliances included and available sta...",5250.0,1212.0,24/10/2022,"CJ Hole, Bishopston",https://media.rightmove.co.uk:443/dir/crop/10:9-16:9/10k/9322/128346491/9322_BIL220380_L_IMG_00_0000_max_476x317.jpeg,7,house,"('51.4929354', '-2.5643417')",51.4929354,-2.5643417,,146
5 bedroom apartment,https://www.rightmove.co.uk/properties/128371517#/?channel=STU_LET,"Flat 1, Hotwells Road","STUDENT PROPERTY - Berkeley Estates & Management are pleased to offer for rent this well presented five double bedroom modern apartment situated in the heart of Hotwells. The property is situated within a great location for Bristol University, UWE Bower Ashton, City Centre and UWE Campus Bus ...",3250.0,750.0,24/10/2022,"Berkeley Estates and Management, Bristol",https://media.rightmove.co.uk:443/dir/crop/10:9-16:9/48k/47439/125212073/47439_102083000517_IMG_03_0001_max_476x317.jpeg,5,apartment,"('51.4538022', '-2.5972985')",51.4538022,-2.5972985,,146
4 bedroom terraced house,https://www.rightmove.co.uk/properties/128364110#/?channel=STU_LET,"Filton Avenue, Filton, Bristol","4 x students or sharers considered! A well-presented & spacious four-bedroom, two-bathroom student house on Filton Avenue offered fully furnished and available from now for a tenancy of 8/9 months. ",2600.0,600.0,24/10/2022,"The Letting Game, Henleaze",https://media.rightmove.co.uk:443/dir/crop/10:9-16:9/44k/43695/128335997/43695_2650_IMG_00_0000_max_476x317.jpeg,4,house,"('51.4959679', '-2.5734557')",51.4959679,-2.5734557,,146
4 bedroom flat,https://www.rightmove.co.uk/properties/128364110#/?channel=STU_LET,"21 Beaufort Rd , Bristol, Bristol","We are proud to present this 4-bedroom maisonette available in this freehold semi-detached house over the ground floor in Clifton. This is for a group of 4 only. No individual lets. Facilities include a very large Kitchen/diner supplied with all white goods including 1 oven fridge, freezer, wa...",2704.0,624.0,21/10/2022,"HYBR, London",https://media.rightmove.co.uk:443/dir/crop/10:9-16:9/248k/247793/128054609/247793_dd54e7e9-9b48-487d-9b67-3f5d87a243d7_IMG_00_0000_max_476x317.jpeg,4,flat,"('51.46782685', '-2.5196054361746363')",51.46782685,-2.5196054361746363,,146
2 bedroom flat,https://www.rightmove.co.uk/properties/128000882#/?channel=STU_LET,"Sydenham Road, Cotham, Bristol, BS6",**THIS PROPERTY IS NOT AVAILABLE TO STUDENTS**Clifton Rentals are please to offer this modern 2 double bed flat is located in the popular area of Cotham,1500.0,346.0,21/10/2022,"Bristol Student Lets, Bristol",https://media.rightmove.co.uk:443/dir/crop/10:9-16:9/216k/215690/128299259/215690_10101194_IMG_00_0000_max_476x317.jpeg,2,flat,"('51.4665369', '-2.594134')",51.4665369,-2.594134,,146
2 bedroom apartment,https://www.rightmove.co.uk/properties/128000882#/?channel=STU_LET,"Clarence Road, Kingswood, Bristol","2 DOUBLE BEDROOM GROUND FLOOR FLAT!! COMMUNAL GARDENS & PARKING!! OFFERED UNFURNISHED!! AVAILABLE NOVEMBER 2022!! 5 WEEKS DEPOSIT - £1,096.15!! LONG TERM TENANCY WITH AN INITIAL PERIOD OF 6 MONTHS!! COUNCIL TAX BAND - B!! Blue Sky are pleased to offer for rent this 2 bedroom ground floor flat on ...",950.0,219.0,20/10/2022,"Blue Sky Estate Agents, Bristol",https://media.rightmove.co.uk:443/dir/crop/10:9-16:9/52k/51564/128257700/51564_31886000_IMG_00_0000_max_476x317.jpeg,2,apartment,"('51.4538022', '-2.5972985')",51.4538022,-2.5972985,,146
10 bedroom house,https://www.rightmove.co.uk/properties/128013539#/?channel=STU_LET,"Pipe Lane, Bristol","This large 10-bedroom student home is in the heart of the city centre with easy access to both UoB, BIMM and transport links to UWE. Located just off the bottom of Park Street, it’s only a 5-10 minute walk to the Triangle and couldn’t be closer to shops/cafes/bars/clubs. There is a communal lo...",8233.0,1900.0,20/10/2022,"Flare, London",https://media.rightmove.co.uk:443/dir/crop/10:9-16:9/230k/229007/128255621/229007_S_EY8P71EP6M9L_IMG_00_0000_max_476x317.jpeg,10,house,"('51.4542846', '-2.5980544')",51.4542846,-2.5980544,,146
1 bedroom house share,https://www.rightmove.co.uk/properties/128013539#/?channel=STU_LET,"Monk Road, Bristol","University Student Room Let - Ideal for visiting Erasmus students or Post Graduate/Phd Students - Bristol SU Lettings are pleased to offer a room within this friendly family home with experienced host family who hosted from over 30 countries. The room is a double (One person per room only), rent ...",737.0,170.0,20/10/2022,"Bristol SU Lettings, Bristol",https://media.rightmove.co.uk:443/dir/crop/10:9-16:9/102k/101767/128249822/101767_5915740_IMG_00_0000_max_476x317.jpeg,1,share,"('51.4796118', '-2.5948778')",51.4796118,-2.5948778,,146
4 bedroom terraced house,https://www.rightmove.co.uk/properties/85911024#/?channel=STU_LET,"North Street, Downend","Available now, this home is currently under full refurbishment and therefore the photos do not reflect the homes condition at the start of the tenancy. The home will be fully furnished throughout.",2200.0,508.0,20/10/2022,"Temple Homes, Bristol",https://media.rightmove.co.uk:443/dir/crop/10:9-16:9/122k/121321/127922729/121321_102419000542_IMG_00_0000_max_476x317.jpeg,4,house,"('51.48107295', '-2.50866835810431')",51.48107295,-2.50866835810431,,146
10 bedroom house,https://www.rightmove.co.uk/properties/85911024#/?channel=STU_LET,"Fishponds Road, Bristol","This 10-bed, 3-bath student home located on the popular Fishponds Road is on a direct bus route to both Frenchay and Glenside campuses as well as easy links to the city centre. Situated near 3 main supermarkets, gym, cafes and multiple takeaway restaurants and seconds away from the new McDonalds....",8233.0,1900.0,20/10/2022,"Flare, London",https://media.rightmove.co.uk:443/dir/crop/10:9-16:9/230k/229007/128221124/229007_S_05K862Z269OM_IMG_00_0000_max_476x317.jpeg,10,house,"('51.4785974', '-2.5337481')",51.4785974,-2.5337481,,146
10 bedroom house,https://www.rightmove.co.uk/properties/128346491#/?channel=STU_LET,"Fishponds Road, Bristol","This 10-bed, 3-bath student home located on the popular Fishponds Road is on a direct bus route to both Frenchay and Glenside campuses as well as easy links to the city centre. Situated near 3 main supermarkets, gym, cafes and multiple takeaway restaurants and seconds away from the new McDonalds....",8233.0,1900.0,20/10/2022,"Flare, London",https://media.rightmove.co.uk:443/dir/crop/10:9-16:9/230k/229007/128221121/229007_S_EKK9M62WM827_IMG_00_0000_max_476x317.jpeg,10,house,"('51.4785974', '-2.5337481')",51.4785974,-2.5337481,,146
7 bedroom house,https://www.rightmove.co.uk/properties/128346491#/?channel=STU_LET,"Jacobs Wells Road, Bristol",Clifton Triangle is one of Bristol’s most sought after locations. This 7 bed property has been refurbished to a high standard with a modern open plan living/kitchen area and luxury furnishings throughout! This property is located just off the Clifton triangle within close walking distance of ...,5763.0,1330.0,20/10/2022,"Flare, London",https://media.rightmove.co.uk:443/dir/crop/10:9-16:9/230k/229007/128221109/229007_S_0M29YP08KO8O_IMG_00_0000_max_476x317.jpeg,7,house,"('51.4510364', '-2.6079091')",51.4510364,-2.6079091,,146
4 bedroom terraced house,https://www.rightmove.co.uk/properties/125212073#/?channel=STU_LET,"William Street, Redfield, Bristol, BS5","**STUDENTS/SHARERS ACCEPTED** A completely renovated 4 Bedroom House in the vibrant and popular area of Redfield, BS5 area of Bristol: Maximum 4 adults Suitable for Sharers/Students (A combinat... ** Property Reference: 1514403 **",2200.0,508.0,19/10/2022,"OpenRent, London",https://media.rightmove.co.uk:443/dir/crop/10:9-16:9/97k/96668/128217278/96668_146876916082022_IMG_00_0000_max_476x317.jpeg,4,house,"('51.4604996', '-2.5551763')",51.4604996,-2.5551763,,146
1 bedroom apartment,https://www.rightmove.co.uk/properties/125212073#/?channel=STU_LET,"Arnold Road, Bristol",FULLY FURNISHED !! AMAZING GROUND FLOOR ONE BEDROOM APARTMENT!! LOCATED IN THE EVER POPULAR MANGOTSFIELD AREA!! This lovely property has a personal patio space accessed from double doors that lead from the lounge/diner and overlooks the landscaped communal garden area. Internally the neutrally de...,895.0,207.0,19/10/2022,"Blue Sky Estate Agents, Bristol",https://media.rightmove.co.uk:443/dir/crop/10:9-16:9/52k/51564/128214824/51564_31882670_IMG_00_0000_max_476x317.jpeg,1,apartment,"('51.4538022', '-2.5972985')",51.4538022,-2.5972985,,146
5 bedroom property,https://www.rightmove.co.uk/properties/128335997#/?channel=STU_LET,"Nevil Road, Bishopston, Bristol","** STUDENT HOUSE ** A large high standard FIVE bedroom house located in the popular Gloucester Road area ideal for students. The property is located a few minutes from Gloucester Roads bars, takeaways, restaurant's, supermarkets and is on the UWE and Bristol University bus r (cont.)",2850.0,658.0,19/10/2022,"Gough Quarters, Clifton",https://media.rightmove.co.uk:443/dir/crop/10:9-16:9/56k/55770/25884615/55770_GOQ1000034_IMG_22_0000_max_476x317.jpg,5,property,"('51.4790456', '-2.5871004')",51.4790456,-2.5871004,,146
Studio flat,https://www.rightmove.co.uk/properties/128398010#/?channel=STU_LET,"Baldwin Street, Bristol",**STUDENT PROPERTY** **Academic Year 2023/2024** Studio Flat | Ideal for students or professionals | Fully furnished | Available 1st September 2023 | Couples also accepted If you are student starting Uni in September or a professional looking for a city centre pad then we are delighted to ...,1150.0,265.0,25/10/2022,"Bristol Property Centre, Bristol",https://media.rightmove.co.uk:443/dir/crop/10:9-16:9/81k/80230/128398010/80230_10431950_IMG_00_0000_max_476x317.jpeg,studio,flat,"('51.4538245', '-2.5919391')",51.4538245,-2.5919391,,146
1 bedroom apartment,https://www.rightmove.co.uk/properties/128398010#/?channel=STU_LET,"Hampton Road, Bristol, BS6",We are Hopewell and have a large portfolio of properties throughout Bristol. ALL bills are included and the properties are fully furnished. Contact us today and we will help you find what you are looking for.,2200.0,508.0,19/10/2022,"Hopewell, Bristol",https://media.rightmove.co.uk:443/dir/crop/10:9-16:9/143k/142562/128194547/142562_21327832_IMG_00_0000_max_476x317.jpeg,1,apartment,"('51.4641381', '-2.6048743')",51.4641381,-2.6048743,,146
2 bedroom flat,https://www.rightmove.co.uk/properties/128194547#/?channel=STU_LET,"Sturmy Close, BRISTOL","This neat and tidy ground floor flat situated in a quiet building is immediately available. The flat comprises of 2 bedrooms and 2 bathrooms, an open plan living space and kitchen. Call now to arrange viewings, professional sharers will be considered. Please note we conduct ...",1345.0,310.0,19/10/2022,"Connells Lettings, Filton",https://media.rightmove.co.uk:443/dir/crop/10:9-16:9/53k/52458/128314148/52458_P1924F2410_IMG_07_0000_max_476x317.jpeg,2,flat,"('51.5114777', '-2.6012519')",51.5114777,-2.6012519,,146
4 bedroom semi-detached house,https://www.rightmove.co.uk/properties/128194547#/?channel=STU_LET,"Charles Road, Filton, Bristol","*Available Immediately* We are delighted to welcome to the market this wonderful four double bedroom student property located on Charles Road, Filton within close proximity to UWE Frenchay campus and with great links to Gloucester Road and the City Centre. The property offers an enviable amount...",2675.0,617.0,18/10/2022,"Fenwick Ward, Bristol",https://media.rightmove.co.uk:443/dir/crop/10:9-16:9/94k/93817/128162495/93817_100553001269_IMG_00_0000_max_476x317.jpeg,4,house,"('51.4538022', '-2.5972985')",51.4538022,-2.5972985,,146
11 bedroom flat,https://www.rightmove.co.uk/properties/128314148#/?channel=STU_LET,"21 Beaufort Rd Clifton , Bristol, Bristol",We are proud to present this 11 bedroom maisonette available in this freehold semi-detached house over 3 floors in Clifton. This is for a group of 11 only. No individual lets. Facilities include a very large Kitchen/diner supplied with all white goods including 3 ovens and a dishwasher. Large ...,6600.0,1523.0,17/10/2022,"HYBR, London",https://media.rightmove.co.uk:443/dir/crop/10:9-16:9/248k/247793/127998542/247793_7b523d43-98aa-499b-9bbe-4f690915c37c_IMG_00_0000_max_476x317.png,11,flat,"('51.46596795', '-2.6157187463155243')",51.46596795,-2.6157187463155243,,146
5 bedroom terraced house,https://www.rightmove.co.uk/properties/128314148#/?channel=STU_LET,"Filton Avenue, Filton, Bristol", **AVAILABLE JULY 2023** FIVE bed student property located within walking or cycling distance to the University of the West of England. A bus stop is located in front of the property. Perfect for FIVE friends at UWE. A large Sainsburys supermarket is located close by as w (cont.),2250.0,519.0,17/10/2022,"Gough Quarters, Clifton",https://media.rightmove.co.uk:443/dir/crop/10:9-16:9/56k/55770/28411950/55770_GOQ1000122_IMG_36_0000_max_476x317.jpg,5,house,"('51.4959679', '-2.5734557')",51.4959679,-2.5734557,,146
2 bedroom apartment,https://www.rightmove.co.uk/properties/128162495#/?channel=STU_LET,Upper Maisonette Southfield Road,"STUDENT ACCOMMODATION ONLY - Recently renovated house, shared facilities - £850.00 per student, bills included. The newly refurbished property is being let Furnished comprising of 5 double bedrooms ( 2 beds are left now ) , shared kitchen (with Electric Cooker, Washing machine, Fridg (cont.)",1700.0,392.0,17/10/2022,"Flatline Letting and Property Management, Clifton",https://media.rightmove.co.uk:443/dir/crop/10:9-16:9/47k/46997/128101361/46997_FLA1002035_IMG_00_0000_max_476x317.jpeg,2,apartment,"('51.4538022', '-2.5972985')",51.4538022,-2.5972985,,146
3 bedroom apartment,https://www.rightmove.co.uk/properties/128162495#/?channel=STU_LET,"Conygre Grove, Filton, Bristol, BS34","Undergoing the final stages of a full-scale refurbishment which will deliver a luxury student property, this three double-bedroom apartment is available on a fully-furnished basis with appliances included from late November.",1950.0,450.0,15/10/2022,"CJ Hole, Bishopston",https://media.rightmove.co.uk:443/dir/crop/10:9-16:9/10k/9322/128079143/9322_BIL220329_L_IMG_00_0000_max_476x317.jpeg,3,apartment,"('51.4538022', '-2.5972985')",51.4538022,-2.5972985,,146
4 bedroom house,https://www.rightmove.co.uk/properties/127998542#/?channel=STU_LET,"High Grove, Sea Mills, Bristol, Bristol, BS9","A well-proportioned house that offers four good size bedrooms fully furnished. This property is currently being renovated with a new shower room, re-paint and new flooring throughout. There is a shower room on the ground floor and a great size kitchen, as well as a spacious garden, situated a
.",2256.0,521.0,14/10/2022,"Purple Frog Bristol, Bristol - Students",https://media.rightmove.co.uk:443/dir/crop/10:9-16:9/139k/138206/128018897/138206_19676_IMG_00_0000_max_476x317.jpeg,4,house,"('51.4921035', '-2.6508775')",51.4921035,-2.6508775,,146
4 bedroom terraced house,https://www.rightmove.co.uk/properties/127998542#/?channel=STU_LET,"Featherstone Road, Fishponds, BS16","SHARERS CONSIDERED - 4 bedroom terraced house with a spacious garden, in Fishponds.",2200.0,508.0,13/10/2022,"Taylors Lettings, Downend",https://media.rightmove.co.uk:443/dir/crop/10:9-16:9/6k/5131/128011043/5131_000738867_IMG_02_0000_max_476x317.jpeg,4,house,"('51.4777119', '-2.5413714')",51.4777119,-2.5413714,,146
3 bedroom end of terrace house,https://www.rightmove.co.uk/properties/28411950#/?channel=STU_LET,"Woodyleaze Drive, Bristol","3 BEDROOM END OF TERRACED HOME!! OFFERED PARTLY FURNISHED!! AVAILABLE NOVEMBER 2022!! 5 WEEKS DEPOSIT - £1,500!! LONG TERM TENANCY WITH AN INITIAL PERIOD OF 6 MONTHS!! COUNCIL TAX BAND - B!! Blue Sky are pleased to offer for rent this 3 double bedroom end of terraced home located on Woodyleaze Dr...",1300.0,300.0,11/10/2022,"Blue Sky Estate Agents, Bristol",https://media.rightmove.co.uk:443/dir/crop/10:9-16:9/52k/51564/85892313/51564_31859198_IMG_00_0000_max_476x317.jpeg,3,house,"('51.4538022', '-2.5972985')",51.4538022,-2.5972985,,146
1 bedroom house share,https://www.rightmove.co.uk/properties/28411950#/?channel=STU_LET,"Downleaze, Bristol, BS9","Room in shared family home: Immaculate maisonette next to the Downs, shared with the resident landlords, large open plan kitchen/living area and each room has its own bathroom or en-suite. Rooms available for 12 months minimum, All bills included.",850.0,196.0,10/10/2022,"JBS Bristol Lettings, Bristol",https://media.rightmove.co.uk:443/dir/crop/10:9-16:9/159k/158492/60823334/158492_JBS85004_IMG_04_0002_max_476x317.jpeg,1,share,"('51.4741486', '-2.6254819')",51.4741486,-2.6254819,,146
6 bedroom house,https://www.rightmove.co.uk/properties/128101361#/?channel=STU_LET,"East Park Drive, Eastville, Bristol","A six bedroom spacious property available in Eastville offered unfurnished with white goods included, available to professional sharers or students from NOW",3300.0,762.0,04/10/2022,"The Letting Game, Henleaze",https://media.rightmove.co.uk:443/dir/crop/10:9-16:9/44k/43695/127721879/43695_2609_IMG_00_0000_max_476x317.jpeg,6,house,"('51.4710302', '-2.558556')",51.4710302,-2.558556,,146
8 bedroom terraced house,https://www.rightmove.co.uk/properties/128101361#/?channel=STU_LET,"Lodge Causeway, Bristol, BS16","A fully furnished property close to the multitude of shops, bars, cafes and restaurants of Fishponds and offering good public transport links. Available to students and professional sharers alike, the property is available early-December with appliances included.",6000.0,1385.0,04/10/2022,"CJ Hole, Kingswood",https://media.rightmove.co.uk:443/dir/crop/10:9-16:9/163k/162938/127707734/162938_KIL220228_L_IMG_00_0000_max_476x317.jpeg,8,house,"('51.4771205', '-2.5369813')",51.4771205,-2.5369813,,146
2 bedroom apartment,https://www.rightmove.co.uk/properties/128079143#/?channel=STU_LET,"Long Down Avenue, Cheswick Village, Bristol",** SPACIOUS TOP FLOOR APARTMENT IDEAL FOR PROFESSIONAL SHARERS OR MATURE STUDENTS **,1450.0,335.0,29/09/2022,"Maggs & Allen, Henleaze",https://media.rightmove.co.uk:443/dir/crop/10:9-16:9/8k/7205/127565411/7205_31831682_IMG_00_0000_max_476x317.jpeg,2,apartment,"('51.4538022', '-2.5972985')",51.4538022,-2.5972985,,146
1 bedroom flat,https://www.rightmove.co.uk/properties/128079143#/?channel=STU_LET,"42-44 St Paul's Road, Bristol, Bristol","IMPORTANT: This is a hotel room without a kitchen and is primarily open to short-term lets (up to 3 months) with the possibility of negotiating longer-term stays The Regency Hotel is a perfect destination for those looking to explore the beauty of Bristol. Located in Clifton, the hotel offers a ...",1517.0,350.0,28/09/2022,"HYBR, London",https://media.rightmove.co.uk:443/dir/crop/10:9-16:9/248k/247793/127491197/247793_67638458-1e08-47f7-9317-6ead41082943_IMG_00_0000_max_476x317.jpeg,1,flat,"('51.4434677', '-2.5973562')",51.4434677,-2.5973562,,146
5 bedroom semi-detached house,https://www.rightmove.co.uk/properties/128018897#/?channel=STU_LET,"Poplar Place, Bristol, BS16","5 Bed Semi-Detached House, Poplar Place, BS16 We are proud to offer this delightful 5 bedroom, 2 bathroom semi-detached house in a great location. Available to students only. Available to move i... ** Property Reference: 1445689 **",3400.0,785.0,23/09/2022,"OpenRent, London",https://media.rightmove.co.uk:443/dir/crop/10:9-16:9/97k/96668/127358858/96668_144568922072022_IMG_00_0000_max_476x317.jpeg,5,house,"('51.4731125', '-2.528402')",51.4731125,-2.528402,,146
1 bedroom serviced apartment,https://www.rightmove.co.uk/properties/128018897#/?channel=STU_LET,"St Thomas Street, Redcliffe, Bristiol, BS1","We are Hopewell and have a large portfolio of properties all throughout Bristol, varying from studios to large houses! All of our properties have ALL bills included and are fully furnished in the price you see! Contact us today so we can start finding your new home.",2000.0,462.0,23/09/2022,"Hopewell, Bristol",,1,apartment,"('51.4538022', '-2.5972985')",51.4538022,-2.5972985,,146
Studio flat,https://www.rightmove.co.uk/properties/128011043#/?channel=STU_LET,"Frogmore Street, Bristol, BS1","LAST TWO STUDIOS REMAINING. City centre student accomodation, full furnished, all bills included.",1750.0,404.0,22/09/2022,"Hopewell, Bristol",https://media.rightmove.co.uk:443/dir/crop/10:9-16:9/143k/142562/127580867/142562_25079394_IMG_00_0000_max_476x317.jpeg,studio,flat,"('51.4536482', '-2.6007954')",51.4536482,-2.6007954,,146
3 bedroom apartment,https://www.rightmove.co.uk/properties/128011043#/?channel=STU_LET,"Sydenham Road, Knowle, Bristol, BS4",We are Hopewell and have a large portfolio of properties throughout Bristol. ALL bills are included and the properties are fully furnished. Contact us today and we will help you find what you are looking for.,3200.0,738.0,20/09/2022,"Hopewell, Bristol",https://media.rightmove.co.uk:443/dir/crop/10:9-16:9/143k/142562/127236578/142562_25331537_IMG_00_0000_max_476x317.jpeg,3,apartment,"('51.4391825', '-2.5727387')",51.4391825,-2.5727387,,146
1 bedroom house of multiple occupation,https://www.rightmove.co.uk/properties/85892313#/?channel=STU_LET,"Church Road, Bristol, BS5","NOT SUITABLE FOR STUDENTS . LOVELY BRIGHT ROOM FOR ONE PERSON IN SHARED HOUSE. MOST BILLS INCLUDED . COMPLIMENTARY WIFI . MINIMUM EARNED INCOME OF £18K , MUST HAVE UK CREDIT HISTORY OR HAVE A UK GUARANTOR . AVAILABLE IMMEDIATELY . NOT SUITABLE FOR CHILDREN OR PETS ",600.0,138.0,13/09/2022,"Winkworth Properties, Bristol",https://media.rightmove.co.uk:443/dir/crop/10:9-16:9/16k/15091/127109285/15091_332BB_IMG_01_0000_max_476x317.jpeg,1,occupation,"('51.4602965', '-2.5436742')",51.4602965,-2.5436742,,146
1 bedroom apartment,https://www.rightmove.co.uk/properties/85892313#/?channel=STU_LET,"Conygre Road, Filton, Bristol, BS34","We are Hopewell and have a large portfolio of properties all throughout Bristol, varying from studios to large houses! All of our properties have ALL bills included and are fully furnished in the price you see! Contact us today so we can start finding your new home.",2200.0,508.0,19/08/2022,"Hopewell, Bristol",https://media.rightmove.co.uk:443/dir/crop/10:9-16:9/143k/142562/126190283/142562_18187836_IMG_00_0000_max_476x317.jpeg,1,apartment,"('51.4538022', '-2.5972985')",51.4538022,-2.5972985,,146
1 bedroom apartment,https://www.rightmove.co.uk/properties/60823334#/?channel=STU_LET,"Lawrence Hill, Bristol, BS5","We are Hopewell and have a large portfolio of properties all throughout Bristol, varying from studios to large houses! All of our properties have ALL bills included and are fully furnished in the price you see! Contact us today so we can start finding your new home.",1900.0,438.0,27/07/2022,"Hopewell, Bristol",https://media.rightmove.co.uk:443/dir/crop/10:9-16:9/143k/142562/112017167/142562_18177258_IMG_00_0000_max_476x317.jpeg,1,apartment,"('51.4583651', '-2.5694506')",51.4583651,-2.5694506,,146
2 bedroom semi-detached house,https://www.rightmove.co.uk/properties/60823334#/?channel=STU_LET,"Acer Village, Wells Road","Beautifully presented two bedroom house situated in a private development just off Wells Road, Bristol. Property comprises of entrance hall, WC, modern kitchen, lounge, two double bedrooms, en-suite and modern bathroom. Further benefits include gas central heating, UPVC double glazing and well pr...",1400.0,323.0,08/06/2022,"Intire, Downend",https://media.rightmove.co.uk:443/dir/crop/10:9-16:9/42k/41070/123583334/41070_100760000264_IMG_00_0000_max_476x317.jpeg,2,house,"('51.4538022', '-2.5972985')",51.4538022,-2.5972985,,146
Studio flat,https://www.rightmove.co.uk/properties/127721879#/?channel=STU_LET,"Lower Park Row, Bristol, BS1","We are Hopewell and have a large portfolio of properties all throughout Bristol, varying from studios to large houses! All of our properties have ALL bills included and are fully furnished in the price you see! Contact us today so we can start finding your new home.",1950.0,450.0,04/03/2021,"Hopewell, Bristol",https://media.rightmove.co.uk:443/dir/crop/10:9-16:9/143k/142562/72983949/142562_18176446_IMG_01_0000_max_476x317.JPG,studio,flat,"('51.4560473', '-2.5981828')",51.4560473,-2.5981828,,146
Studio flat,https://www.rightmove.co.uk/properties/72982629#/?channel=STU_LET,"Coldharbour Road, Bristol, BS6","We are Hopewell and have a large portfolio of properties all throughout Bristol, varying from studios to large houses!Our properties cover ALL bills included and fully furnished in the price you see! If you need somewhere to stay from a month or more, we are on hand to help you w...",1900.0,438.0,04/03/2021,"Hopewell, Bristol",https://media.rightmove.co.uk:443/dir/crop/10:9-16:9/143k/142562/72982629/142562_18175887_IMG_07_0002_max_476x317.jpeg,studio,flat,"('51.4774372', '-2.6086395')",51.4774372,-2.6086395,,146
1 bedroom apartment,https://www.rightmove.co.uk/properties/72982629#/?channel=STU_LET,"Anstey Street, Bristol, BS5","Every apartment is FULLY FURNISHED and ALL BILLS INCLUDED!Why not take advantage of this great offer! We are Hopewell and have a large portfolio of properties all throughout Bristol, varying from studios to large houses!Our properties cover ALL bills included a...",2200.0,508.0,03/02/2021,"Hopewell, Bristol",https://media.rightmove.co.uk:443/dir/crop/10:9-16:9/143k/142562/73538610/142562_18258187_IMG_09_0001_max_476x317.jpeg,1,apartment,"('51.46627', '-2.5615708')",51.46627,-2.5615708,,146
